ID,Target
lug_96114,XXX
lug_75987,XXX
lug_75903,XXX
lug_1689,XXX
lug_1622,XXX
lug_39041,XXX
lug_39000,XXX
lug_39028,XXX
lug_65861,XXX
lug_24765,XXX
lug_58575,XXX
lug_87519,XXX
lug_5689,XXX
lug_44237,XXX
lug_44297,XXX
lug_44287,XXX
lug_94658,XXX
lug_67251,XXX
lug_72519,XXX
lug_72577,XXX
lug_29474,XXX
lug_50290,XXX
lug_3164,XXX
lug_10721,XXX
lug_60110,XXX
lug_72986,XXX
lug_92538,XXX
lug_52095,XXX
lug_50085,XXX
lug_50042,XXX
lug_93367,XXX
lug_90930,XXX
lug_71006,XXX
lug_71049,XXX
lug_89063,XXX
lug_41600,XXX
lug_3075,XXX
lug_29264,XXX
lug_39513,XXX
lug_28401,XXX
lug_7850,XXX
lug_7887,XXX
lug_29935,XXX
lug_29954,XXX
lug_91215,XXX
lug_82819,XXX
lug_58419,XXX
lug_63135,XXX
lug_7451,XXX
lug_74050,XXX
lug_93533,XXX
lug_22554,XXX
lug_22503,XXX
lug_14266,XXX
lug_14735,XXX
lug_82467,XXX
lug_82459,XXX
lug_82452,XXX
lug_76833,XXX
lug_76835,XXX
lug_74384,XXX
lug_63368,XXX
lug_54074,XXX
lug_91474,XXX
lug_62568,XXX
lug_70931,XXX
lug_92815,XXX
lug_59314,XXX
lug_59331,XXX
lug_6458,XXX
lug_57806,XXX
lug_52428,XXX
lug_70261,XXX
lug_8556,XXX
lug_8564,XXX
lug_87138,XXX
lug_23237,XXX
lug_77562,XXX
lug_39251,XXX
lug_19732,XXX
lug_59559,XXX
lug_59549,XXX
lug_86196,XXX
lug_43785,XXX
lug_2832,XXX
lug_20412,XXX
lug_91940,XXX
lug_91925,XXX
lug_65094,XXX
lug_74566,XXX
lug_19062,XXX
lug_91348,XXX
lug_91333,XXX
lug_68460,XXX
lug_26091,XXX
lug_84347,XXX
lug_85564,XXX
lug_85570,XXX
lug_4369,XXX
lug_4381,XXX
lug_13038,XXX
lug_45732,XXX
lug_7555,XXX
lug_7505,XXX
lug_31658,XXX
lug_78995,XXX
lug_78988,XXX
lug_35400,XXX
lug_35421,XXX
lug_35494,XXX
lug_45356,XXX
lug_94414,XXX
lug_94471,XXX
lug_52122,XXX
lug_80101,XXX
lug_80180,XXX
lug_47974,XXX
lug_70728,XXX
lug_16935,XXX
lug_90551,XXX
lug_31201,XXX
lug_31207,XXX
lug_80609,XXX
lug_77050,XXX
lug_1814,XXX
lug_1881,XXX
lug_1893,XXX
lug_21810,XXX
lug_48737,XXX
lug_48742,XXX
lug_29624,XXX
lug_29677,XXX
lug_7148,XXX
lug_26930,XXX
lug_27665,XXX
lug_24286,XXX
lug_70840,XXX
lug_48231,XXX
lug_48290,XXX
lug_83005,XXX
lug_43694,XXX
lug_76262,XXX
lug_21160,XXX
lug_96477,XXX
lug_96495,XXX
lug_31840,XXX
lug_83623,XXX
lug_83651,XXX
lug_83661,XXX
lug_65188,XXX
lug_65142,XXX
lug_87066,XXX
lug_84433,XXX
lug_31469,XXX
lug_85793,XXX
lug_85784,XXX
lug_66506,XXX
lug_91506,XXX
lug_20694,XXX
lug_1757,XXX
lug_59471,XXX
lug_31742,XXX
lug_38879,XXX
lug_38855,XXX
lug_17934,XXX
lug_65265,XXX
lug_21211,XXX
lug_21236,XXX
lug_43959,XXX
lug_2964,XXX
lug_2991,XXX
lug_11502,XXX
lug_27809,XXX
lug_79012,XXX
lug_79058,XXX
lug_51744,XXX
lug_89289,XXX
lug_96861,XXX
lug_69298,XXX
lug_8628,XXX
lug_57168,XXX
lug_24191,XXX
lug_76751,XXX
lug_76738,XXX
lug_76796,XXX
lug_3767,XXX
lug_33750,XXX
lug_33719,XXX
lug_33762,XXX
lug_706,XXX
lug_92312,XXX
lug_24398,XXX
lug_16823,XXX
lug_16886,XXX
lug_54231,XXX
lug_54205,XXX
lug_41264,XXX
lug_14698,XXX
lug_14639,XXX
lug_62439,XXX
lug_62432,XXX
lug_77336,XXX
lug_15074,XXX
lug_53012,XXX
lug_33213,XXX
lug_4161,XXX
lug_61843,XXX
lug_77218,XXX
lug_77119,XXX
lug_20,XXX
lug_69080,XXX
lug_78081,XXX
lug_67619,XXX
lug_67660,XXX
lug_67674,XXX
lug_67451,XXX
lug_62322,XXX
lug_62354,XXX
lug_58678,XXX
lug_58670,XXX
lug_52809,XXX
lug_83112,XXX
lug_48050,XXX
lug_48082,XXX
lug_93450,XXX
lug_98351,XXX
lug_88183,XXX
lug_34359,XXX
lug_34382,XXX
lug_50485,XXX
lug_17845,XXX
lug_5429,XXX
lug_5435,XXX
lug_18800,XXX
lug_18825,XXX
lug_66917,XXX
lug_87680,XXX
lug_5028,XXX
lug_5005,XXX
lug_40794,XXX
lug_47785,XXX
lug_78618,XXX
lug_78609,XXX
lug_78689,XXX
lug_25405,XXX
lug_25409,XXX
lug_81485,XXX
lug_8338,XXX
lug_66814,XXX
lug_18403,XXX
lug_44698,XXX
lug_85033,XXX
lug_17603,XXX
lug_17656,XXX
lug_44798,XXX
lug_32800,XXX
lug_32896,XXX
lug_57736,XXX
lug_73541,XXX
lug_10278,XXX
lug_74408,XXX
lug_74437,XXX
lug_30508,XXX
lug_30516,XXX
lug_34788,XXX
lug_18129,XXX
lug_16172,XXX
lug_30088,XXX
lug_30997,XXX
lug_24828,XXX
lug_57460,XXX
lug_57459,XXX
lug_67718,XXX
lug_90852,XXX
lug_33941,XXX
lug_33979,XXX
lug_94504,XXX
lug_94503,XXX
lug_60694,XXX
lug_92662,XXX
lug_2231,XXX
lug_86311,XXX
lug_83733,XXX
lug_73056,XXX
lug_42426,XXX
lug_42495,XXX
lug_46505,XXX
lug_46543,XXX
lug_95733,XXX
lug_33805,XXX
lug_94924,XXX
lug_82654,XXX
lug_82605,XXX
lug_82692,XXX
lug_69958,XXX
lug_62233,XXX
lug_62238,XXX
lug_94759,XXX
lug_9999,XXX
lug_96592,XXX
lug_1407,XXX
lug_1473,XXX
lug_35342,XXX
lug_97538,XXX
lug_76991,XXX
lug_76193,XXX
lug_93271,XXX
lug_61939,XXX
lug_61942,XXX
lug_4664,XXX
lug_4674,XXX
lug_35960,XXX
lug_25168,XXX
lug_61082,XXX
lug_53612,XXX
lug_53650,XXX
lug_3600,XXX
lug_49829,XXX
lug_31972,XXX
lug_78587,XXX
lug_17296,XXX
lug_17202,XXX
lug_22611,XXX
lug_26182,XXX
lug_63021,XXX
lug_68779,XXX
lug_96228,XXX
lug_19379,XXX
lug_19335,XXX
lug_40987,XXX
lug_35189,XXX
lug_35163,XXX
lug_35143,XXX
lug_33509,XXX
lug_25504,XXX
lug_71317,XXX
lug_71391,XXX
lug_22768,XXX
lug_22782,XXX
lug_40085,XXX
lug_20314,XXX
lug_95682,XXX
lug_56222,XXX
lug_78823,XXX
lug_78838,XXX
lug_64183,XXX
lug_44333,XXX
lug_44361,XXX
lug_89646,XXX
lug_89651,XXX
lug_23827,XXX
lug_75613,XXX
lug_11201,XXX
lug_86464,XXX
lug_48989,XXX
lug_48941,XXX
lug_5317,XXX
lug_88371,XXX
lug_4765,XXX
lug_93138,XXX
lug_30148,XXX
lug_98016,XXX
lug_98020,XXX
lug_46317,XXX
lug_17579,XXX
lug_27484,XXX
lug_71884,XXX
lug_69151,XXX
lug_97967,XXX
lug_40664,XXX
lug_90683,XXX
lug_90611,XXX
lug_90633,XXX
lug_91841,XXX
lug_81568,XXX
lug_81519,XXX
lug_60226,XXX
lug_60271,XXX
lug_62958,XXX
lug_84047,XXX
lug_84019,XXX
lug_26738,XXX
lug_71179,XXX
lug_50663,XXX
lug_94319,XXX
lug_81251,XXX
lug_70568,XXX
lug_24513,XXX
lug_24597,XXX
lug_25710,XXX
lug_30339,XXX
lug_2320,XXX
lug_60089,XXX
lug_96762,XXX
lug_47835,XXX
lug_12801,XXX
lug_97195,XXX
lug_97161,XXX
lug_89395,XXX
lug_73649,XXX
lug_39615,XXX
lug_11094,XXX
lug_38020,XXX
lug_38068,XXX
lug_47408,XXX
lug_17304,XXX
lug_17397,XXX
lug_14126,XXX
lug_15776,XXX
lug_40206,XXX
lug_40241,XXX
lug_90303,XXX
lug_38150,XXX
lug_72293,XXX
lug_73281,XXX
lug_73295,XXX
lug_47506,XXX
lug_24030,XXX
lug_24099,XXX
lug_24072,XXX
lug_80377,XXX
lug_80307,XXX
lug_933,XXX
lug_917,XXX
lug_50340,XXX
lug_34038,XXX
lug_34017,XXX
lug_54756,XXX
lug_54701,XXX
lug_19809,XXX
lug_63609,XXX
lug_16061,XXX
lug_34669,XXX
lug_34677,XXX
lug_82751,XXX
lug_58013,XXX
lug_21601,XXX
lug_149,XXX
lug_39321,XXX
lug_39369,XXX
lug_50759,XXX
lug_63577,XXX
lug_83943,XXX
lug_32313,XXX
lug_98243,XXX
lug_98244,XXX
lug_73331,XXX
lug_73302,XXX
lug_73355,XXX
lug_95836,XXX
lug_95861,XXX
lug_9651,XXX
lug_98155,XXX
lug_10145,XXX
lug_73426,XXX
lug_92408,XXX
lug_92475,XXX
lug_29337,XXX
lug_83413,XXX
lug_36957,XXX
lug_78276,XXX
lug_22116,XXX
lug_22161,XXX
lug_6595,XXX
lug_81673,XXX
lug_52240,XXX
lug_82123,XXX
lug_82172,XXX
lug_32632,XXX
lug_32642,XXX
lug_2092,XXX
lug_2087,XXX
lug_98412,XXX
lug_12025,XXX
lug_28171,XXX
lug_36600,XXX
lug_27116,XXX
lug_56976,XXX
lug_56965,XXX
lug_45428,XXX
lug_75744,XXX
lug_55015,XXX
lug_26354,XXX
lug_66399,XXX
lug_40126,XXX
lug_40144,XXX
lug_72876,XXX
lug_42925,XXX
lug_42960,XXX
lug_87429,XXX
lug_96347,XXX
lug_30724,XXX
lug_95940,XXX
lug_95983,XXX
lug_75485,XXX
lug_76618,XXX
lug_55922,XXX
lug_55917,XXX
lug_55977,XXX
lug_55915,XXX
lug_22231,XXX
lug_22264,XXX
lug_66745,XXX
lug_66742,XXX
lug_66757,XXX
lug_13720,XXX
lug_13756,XXX
lug_13782,XXX
lug_78428,XXX
lug_78451,XXX
lug_42625,XXX
lug_42694,XXX
lug_6204,XXX
lug_92200,XXX
lug_12173,XXX
lug_12134,XXX
lug_6062,XXX
lug_28576,XXX
lug_81077,XXX
lug_31526,XXX
lug_31572,XXX
lug_8292,XXX
lug_55558,XXX
lug_72668,XXX
lug_51944,XXX
lug_26432,XXX
lug_87801,XXX
lug_87873,XXX
lug_32442,XXX
lug_32428,XXX
lug_4493,XXX
lug_38619,XXX
lug_35279,XXX
lug_35299,XXX
lug_67312,XXX
lug_67334,XXX
lug_92917,XXX
lug_55282,XXX
lug_19437,XXX
lug_57307,XXX
lug_57349,XXX
lug_86020,XXX
lug_86083,XXX
lug_20171,XXX
lug_46809,XXX
lug_92130,XXX
lug_92140,XXX
lug_7039,XXX
lug_13157,XXX
lug_27570,XXX
lug_3481,XXX
lug_84725,XXX
lug_84751,XXX
lug_84708,XXX
lug_36703,XXX
lug_11750,XXX
lug_80564,XXX
lug_60501,XXX
lug_60508,XXX
lug_60592,XXX
lug_16414,XXX
lug_16435,XXX
lug_52796,XXX
lug_47098,XXX
lug_47047,XXX
lug_4987,XXX
lug_79324,XXX
lug_63226,XXX
lug_63224,XXX
lug_69581,XXX
lug_48570,XXX
lug_48564,XXX
lug_42348,XXX
lug_68065,XXX
lug_59197,XXX
lug_59101,XXX
lug_45225,XXX
lug_27907,XXX
lug_27965,XXX
lug_27973,XXX
lug_39883,XXX
lug_74292,XXX
lug_89139,XXX
lug_89102,XXX
lug_37143,XXX
lug_37159,XXX
lug_37161,XXX
lug_37144,XXX
lug_68276,XXX
lug_23653,XXX
lug_23689,XXX
lug_32516,XXX
lug_20935,XXX
lug_21394,XXX
lug_93050,XXX
lug_93055,XXX
lug_15896,XXX
lug_53808,XXX
lug_52328,XXX
lug_86802,XXX
lug_32134,XXX
lug_56123,XXX
lug_56197,XXX
lug_56189,XXX
lug_25917,XXX
lug_25961,XXX
lug_6973,XXX
lug_22307,XXX
lug_43102,XXX
lug_24984,XXX
lug_49684,XXX
lug_27308,XXX
lug_49328,XXX
lug_49334,XXX
lug_49338,XXX
lug_49382,XXX
lug_58808,XXX
lug_75006,XXX
lug_54116,XXX
lug_32036,XXX
lug_39770,XXX
lug_76589,XXX
lug_76570,XXX
lug_21060,XXX
lug_66471,XXX
lug_5818,XXX
lug_5806,XXX
lug_5817,XXX
lug_87279,XXX
lug_53997,XXX
lug_20780,XXX
lug_63847,XXX
lug_65649,XXX
lug_59929,XXX
lug_40523,XXX
lug_40536,XXX
lug_37270,XXX
lug_37262,XXX
lin_24783,XXX
lin_24758,XXX
lin_32276,XXX
lin_32255,XXX
lin_69423,XXX
lin_69443,XXX
lin_69476,XXX
lin_69436,XXX
lin_69450,XXX
lin_42119,XXX
lin_42126,XXX
lin_42178,XXX
lin_55737,XXX
lin_55723,XXX
lin_2716,XXX
lin_2774,XXX
lin_2751,XXX
lin_66390,XXX
lin_66375,XXX
lin_98935,XXX
lin_98985,XXX
lin_98942,XXX
lin_27529,XXX
lin_27528,XXX
lin_27592,XXX
lin_57711,XXX
lin_57728,XXX
lin_39696,XXX
lin_37764,XXX
lin_37747,XXX
lin_37796,XXX
lin_53424,XXX
lin_53461,XXX
lin_53233,XXX
lin_53212,XXX
lin_53275,XXX
lin_8160,XXX
lin_8136,XXX
lin_49074,XXX
lin_49062,XXX
lin_49061,XXX
lin_7339,XXX
lin_7313,XXX
lin_7386,XXX
lin_7338,XXX
lin_47010,XXX
lin_47039,XXX
lin_40615,XXX
lin_40699,XXX
lin_31266,XXX
lin_31225,XXX
lin_31294,XXX
lin_31263,XXX
lin_90594,XXX
lin_90597,XXX
lin_27784,XXX
lin_98133,XXX
lin_98162,XXX
lin_31567,XXX
lin_70238,XXX
lin_36886,XXX
lin_87638,XXX
lin_69773,XXX
lin_42330,XXX
lin_54451,XXX
lin_54444,XXX
lin_955,XXX
lin_940,XXX
lin_980,XXX
lin_982,XXX
lin_53396,XXX
lin_53373,XXX
lin_53367,XXX
lin_46524,XXX
lin_46554,XXX
lin_46571,XXX
lin_6958,XXX
lin_23110,XXX
lin_23136,XXX
lin_58291,XXX
lin_58271,XXX
lin_62601,XXX
lin_62651,XXX
lin_68228,XXX
lin_68203,XXX
lin_76847,XXX
lin_49911,XXX
lin_49974,XXX
lin_49965,XXX
lin_60667,XXX
lin_60647,XXX
lin_60688,XXX
lin_83190,XXX
lin_21183,XXX
lin_21144,XXX
lin_79783,XXX
lin_50405,XXX
lin_50421,XXX
lin_50471,XXX
lin_67657,XXX
lin_67612,XXX
lin_67684,XXX
lin_4863,XXX
lin_4809,XXX
lin_4828,XXX
lin_79186,XXX
lin_57348,XXX
lin_57366,XXX
lin_89284,XXX
lin_19038,XXX
lin_19069,XXX
lin_19089,XXX
lin_69099,XXX
lin_41037,XXX
lin_41044,XXX
lin_41494,XXX
lin_41407,XXX
lin_41454,XXX
lin_51552,XXX
lin_51577,XXX
lin_96672,XXX
lin_96667,XXX
lin_81443,XXX
lin_81481,XXX
lin_81483,XXX
lin_81431,XXX
lin_81494,XXX
lin_54296,XXX
lin_54211,XXX
lin_54288,XXX
lin_80478,XXX
lin_80483,XXX
lin_94448,XXX
lin_94444,XXX
lin_18072,XXX
lin_1993,XXX
lin_54668,XXX
lin_60839,XXX
lin_60861,XXX
lin_60887,XXX
lin_41935,XXX
lin_41927,XXX
lin_41931,XXX
lin_41941,XXX
lin_94755,XXX
lin_94759,XXX
lin_94708,XXX
lin_3970,XXX
lin_3910,XXX
lin_17270,XXX
lin_17234,XXX
lin_17215,XXX
lin_17269,XXX
lin_81267,XXX
lin_81238,XXX
lin_81242,XXX
lin_64014,XXX
lin_64081,XXX
lin_6255,XXX
lin_6295,XXX
lin_25348,XXX
lin_25335,XXX
lin_17563,XXX
lin_17578,XXX
lin_82858,XXX
lin_82871,XXX
lin_20947,XXX
lin_20954,XXX
lin_20990,XXX
lin_86524,XXX
lin_86509,XXX
lin_86515,XXX
lin_86504,XXX
lin_44000,XXX
lin_44027,XXX
lin_70357,XXX
lin_70327,XXX
lin_65316,XXX
lin_65358,XXX
lin_97209,XXX
lin_24807,XXX
lin_24848,XXX
lin_24891,XXX
lin_24876,XXX
lin_16536,XXX
lin_16526,XXX
lin_12489,XXX
lin_12429,XXX
lin_87019,XXX
lin_87081,XXX
lin_94821,XXX
lin_63519,XXX
lin_63575,XXX
lin_63512,XXX
lin_3552,XXX
lin_3585,XXX
lin_17048,XXX
lin_47652,XXX
lin_97182,XXX
lin_97149,XXX
lin_97159,XXX
lin_97167,XXX
lin_97140,XXX
lin_97101,XXX
lin_97123,XXX
lin_97146,XXX
lin_97164,XXX
lin_6047,XXX
lin_6093,XXX
lin_80748,XXX
lin_80720,XXX
lin_80784,XXX
lin_80754,XXX
lin_76723,XXX
lin_76728,XXX
lin_5976,XXX
lin_5971,XXX
lin_5916,XXX
lin_46235,XXX
lin_60349,XXX
lin_60373,XXX
lin_16624,XXX
lin_33057,XXX
lin_33001,XXX
lin_99233,XXX
lin_99240,XXX
lin_22050,XXX
lin_22059,XXX
lin_23888,XXX
lin_23870,XXX
lin_58965,XXX
lin_37616,XXX
lin_92992,XXX
lin_92950,XXX
lin_31164,XXX
lin_31185,XXX
lin_63470,XXX
lin_63469,XXX
lin_77066,XXX
lin_22815,XXX
lin_47174,XXX
lin_47112,XXX
lin_47157,XXX
lin_47177,XXX
lin_32407,XXX
lin_32417,XXX
lin_32479,XXX
lin_91264,XXX
lin_25074,XXX
lin_25004,XXX
lin_69865,XXX
lin_69844,XXX
lin_39102,XXX
lin_39161,XXX
lin_57471,XXX
lin_95076,XXX
lin_95046,XXX
lin_95081,XXX
lin_98464,XXX
lin_76485,XXX
lin_76420,XXX
lin_76533,XXX
lin_35085,XXX
lin_35001,XXX
lin_73913,XXX
lin_73949,XXX
lin_73927,XXX
lin_73983,XXX
lin_94163,XXX
lin_94171,XXX
lin_94183,XXX
lin_62271,XXX
lin_21492,XXX
lin_48413,XXX
lin_48450,XXX
lin_74362,XXX
lin_74370,XXX
lin_90226,XXX
lin_90276,XXX
lin_90790,XXX
lin_90765,XXX
lin_90793,XXX
lin_90705,XXX
lin_31974,XXX
lin_44919,XXX
lin_44985,XXX
lin_44918,XXX
lin_74796,XXX
lin_53986,XXX
lin_53940,XXX
lin_41117,XXX
lin_41148,XXX
lin_64253,XXX
lin_77161,XXX
lin_77103,XXX
lin_44583,XXX
lin_44539,XXX
lin_88012,XXX
lin_88088,XXX
lin_34352,XXX
lin_77734,XXX
lin_91720,XXX
lin_91723,XXX
lin_1327,XXX
lin_1340,XXX
lin_68071,XXX
lin_68084,XXX
lin_78747,XXX
lin_78761,XXX
lin_35498,XXX
lin_35414,XXX
lin_69310,XXX
lin_69301,XXX
lin_69367,XXX
lin_89458,XXX
lin_89479,XXX
lin_89436,XXX
lin_21574,XXX
lin_21546,XXX
lin_79635,XXX
lin_79681,XXX
lin_52100,XXX
lin_52195,XXX
lin_52103,XXX
lin_52155,XXX
lin_35775,XXX
lin_35766,XXX
lin_87701,XXX
lin_54583,XXX
lin_15564,XXX
lin_15525,XXX
lin_15558,XXX
lin_15552,XXX
lin_73090,XXX
lin_73098,XXX
lin_23323,XXX
lin_23347,XXX
lin_23310,XXX
lin_84604,XXX
lin_83551,XXX
lin_83545,XXX
lin_83507,XXX
lin_84080,XXX
lin_84004,XXX
lin_10935,XXX
lin_10997,XXX
lin_10992,XXX
lin_36052,XXX
lin_36062,XXX
lin_53667,XXX
lin_53656,XXX
lin_53661,XXX
lin_53679,XXX
lin_26008,XXX
lin_26049,XXX
lin_40509,XXX
lin_86724,XXX
lin_86720,XXX
lin_86743,XXX
lin_86790,XXX
lin_86745,XXX
lin_40165,XXX
lin_40139,XXX
lin_40185,XXX
lin_95883,XXX
lin_95868,XXX
lin_95800,XXX
lin_14351,XXX
lin_99022,XXX
lin_99016,XXX
lin_11650,XXX
lin_84571,XXX
lin_84547,XXX
lin_84594,XXX
lin_98576,XXX
lin_98586,XXX
lin_98569,XXX
lin_43304,XXX
lin_43386,XXX
lin_43338,XXX
lin_43353,XXX
lin_43347,XXX
lin_74461,XXX
lin_74418,XXX
lin_74485,XXX
lin_74416,XXX
lin_93162,XXX
lin_93140,XXX
lin_56633,XXX
lin_29422,XXX
lin_83730,XXX
lin_83759,XXX
lin_83791,XXX
lin_83733,XXX
lin_83798,XXX
lin_70114,XXX
lin_70108,XXX
lin_70154,XXX
lin_56455,XXX
lin_56472,XXX
lin_66790,XXX
lin_88335,XXX
lin_88349,XXX
lin_88389,XXX
lin_88392,XXX
lin_4454,XXX
lin_4421,XXX
lin_67917,XXX
lin_28042,XXX
lin_28083,XXX
lin_28055,XXX
lin_74129,XXX
lin_92333,XXX
lin_92337,XXX
lin_38730,XXX
lin_38715,XXX
lin_38738,XXX
lin_9738,XXX
lin_9704,XXX
lin_9703,XXX
lin_93316,XXX
lin_93320,XXX
lin_44468,XXX
lin_58331,XXX
lin_58329,XXX
lin_632,XXX
lin_667,XXX
lin_693,XXX
lin_83803,XXX
lin_83897,XXX
lin_83880,XXX
lin_9405,XXX
lin_9463,XXX
lin_9419,XXX
lin_9485,XXX
lin_48936,XXX
lin_47375,XXX
lin_50684,XXX
lin_50628,XXX
lin_60021,XXX
lin_60038,XXX
lin_60013,XXX
lin_58830,XXX
lin_30460,XXX
lin_30453,XXX
lin_30475,XXX
lin_18510,XXX
lin_18554,XXX
lin_42047,XXX
lin_42037,XXX
lin_7276,XXX
lin_7204,XXX
lin_7209,XXX
lin_7292,XXX
lin_7280,XXX
lin_9867,XXX
lin_9827,XXX
lin_94,XXX
lin_68,XXX
lin_52412,XXX
lin_52430,XXX
lin_52493,XXX
lin_95560,XXX
lin_95570,XXX
lin_95572,XXX
lin_2125,XXX
lin_2126,XXX
lin_2143,XXX
lin_2431,XXX
lin_51991,XXX
lin_85685,XXX
lin_72108,XXX
lin_72166,XXX
lin_85399,XXX
lin_23950,XXX
lin_23936,XXX
lin_23971,XXX
lin_56589,XXX
lin_22397,XXX
lin_310,XXX
lin_338,XXX
lin_356,XXX
lin_372,XXX
lin_33415,XXX
lin_33469,XXX
lin_2294,XXX
lin_2228,XXX
lin_2270,XXX
lin_40793,XXX
lin_28213,XXX
lin_28294,XXX
lin_27605,XXX
lin_27604,XXX
lin_27617,XXX
lin_27673,XXX
lin_38492,XXX
lin_38426,XXX
lin_38449,XXX
lin_86274,XXX
lin_10409,XXX
lin_10459,XXX
lin_10406,XXX
lin_49864,XXX
lin_49874,XXX
lin_34728,XXX
lin_49324,XXX
lin_33375,XXX
lin_33345,XXX
lin_72022,XXX
lin_72081,XXX
lin_72040,XXX
lin_72042,XXX
lin_15457,XXX
lin_15498,XXX
lin_58567,XXX
lin_58588,XXX
lin_58536,XXX
lin_55643,XXX
lin_84716,XXX
lin_85843,XXX
lin_12032,XXX
lin_6662,XXX
lin_6617,XXX
lin_84250,XXX
lin_84235,XXX
lin_7583,XXX
lin_7513,XXX
lin_7561,XXX
lin_7557,XXX
lin_7545,XXX
lin_22475,XXX
lin_37570,XXX
lin_45394,XXX
lin_45337,XXX
lin_4279,XXX
lin_4222,XXX
lin_4259,XXX
lin_89537,XXX
lin_89524,XXX
lin_89590,XXX
lin_61021,XXX
lin_61051,XXX
lin_61050,XXX
lin_72934,XXX
lin_72946,XXX
lin_20055,XXX
lin_20019,XXX
lin_8691,XXX
lin_29866,XXX
lin_29865,XXX
lin_52679,XXX
lin_52695,XXX
lin_33221,XXX
lin_33238,XXX
lin_33219,XXX
lin_38302,XXX
lin_38329,XXX
lin_61830,XXX
lin_61841,XXX
lin_61123,XXX
lin_52992,XXX
lin_52948,XXX
lin_5676,XXX
lin_5687,XXX
lin_92809,XXX
lin_92884,XXX
lin_92894,XXX
lin_90088,XXX
lin_90000,XXX
lin_90041,XXX
lin_90003,XXX
lin_90092,XXX
lin_74540,XXX
lin_74581,XXX
lin_74583,XXX
lin_24214,XXX
lin_24271,XXX
lin_89101,XXX
lin_89143,XXX
lin_89170,XXX
lin_89199,XXX
lin_10739,XXX
lin_52572,XXX
lin_52545,XXX
lin_43751,XXX
lin_43774,XXX
lin_43741,XXX
lin_56135,XXX
lin_62839,XXX
lin_62874,XXX
lin_62842,XXX
lin_62844,XXX
lin_62807,XXX
lin_62862,XXX
lin_99640,XXX
lin_99606,XXX
lin_62544,XXX
lin_62576,XXX
lin_78420,XXX
lin_78488,XXX
lin_78498,XXX
lin_78441,XXX
lin_78483,XXX
lin_12254,XXX
lin_45971,XXX
lin_79437,XXX
lin_79486,XXX
lin_8709,XXX
lin_8797,XXX
lin_8798,XXX
lin_17698,XXX
lin_571,XXX
lin_7136,XXX
lin_7195,XXX
lin_7191,XXX
lin_7123,XXX
lin_37899,XXX
lin_65932,XXX
lin_69589,XXX
lin_69506,XXX
lin_71322,XXX
lin_53826,XXX
lin_53895,XXX
lin_91060,XXX
lin_91082,XXX
lin_59253,XXX
lin_59238,XXX
lin_59245,XXX
lin_59207,XXX
lin_73256,XXX
lin_33512,XXX
lin_33556,XXX
lin_33576,XXX
lin_88433,XXX
lin_58109,XXX
lin_38905,XXX
lin_38986,XXX
lin_92076,XXX
lin_60453,XXX
lin_60499,XXX
lin_60469,XXX
lin_25923,XXX
lin_25916,XXX
lin_31888,XXX
lin_34250,XXX
lin_96823,XXX
lin_96887,XXX
lin_96848,XXX
lin_93226,XXX
lin_93210,XXX
lin_81665,XXX
lin_81657,XXX
lin_81681,XXX
lin_17499,XXX
lin_17419,XXX
lin_17456,XXX
lin_17485,XXX
lin_73755,XXX
lin_93810,XXX
lin_93886,XXX
lin_93839,XXX
lin_96205,XXX
lin_88261,XXX
lin_4166,XXX
lin_4171,XXX
lin_4176,XXX
lin_4148,XXX
lin_48533,XXX
lin_48542,XXX
lin_48532,XXX
lin_40943,XXX
lin_40945,XXX
lin_40964,XXX
lin_40939,XXX
lin_51170,XXX
lin_51126,XXX
lin_12744,XXX
lin_4306,XXX
lin_46888,XXX
lin_87917,XXX
lin_87939,XXX
lin_66055,XXX
lin_66054,XXX
lin_66004,XXX
lin_32115,XXX
lin_32126,XXX
lin_52707,XXX
lin_36401,XXX
lin_36407,XXX
lin_36476,XXX
lin_36461,XXX
lin_97640,XXX
lin_97641,XXX
lin_97660,XXX
lin_35904,XXX
lin_63632,XXX
lin_74851,XXX
lin_74842,XXX
lin_74880,XXX
lin_74875,XXX
lin_74800,XXX
lin_25523,XXX
lin_25585,XXX
lin_25580,XXX
lin_25510,XXX
lin_53552,XXX
lin_53505,XXX
lin_83997,XXX
lin_83923,XXX
lin_41246,XXX
lin_41294,XXX
lin_11803,XXX
lin_93060,XXX
lin_58412,XXX
lin_58434,XXX
lin_26474,XXX
lin_26462,XXX
lin_26482,XXX
lin_23501,XXX
lin_23570,XXX
lin_18450,XXX
lin_18471,XXX
lin_92596,XXX
lin_88125,XXX
lin_11262,XXX
lin_11297,XXX
lin_80824,XXX
lin_80888,XXX
lin_81160,XXX
lin_81130,XXX
lin_81133,XXX
lin_81150,XXX
lin_81128,XXX
lin_29378,XXX
lin_70718,XXX
lin_70720,XXX
lin_70766,XXX
lin_70772,XXX
lin_19528,XXX
lin_19558,XXX
lin_19525,XXX
lin_17846,XXX
lin_98242,XXX
lin_98220,XXX
lin_98295,XXX
lin_62784,XXX
lin_62741,XXX
lin_27271,XXX
lin_27294,XXX
lin_43459,XXX
lin_43402,XXX
lin_43445,XXX
lin_40359,XXX
lin_40394,XXX
lin_40357,XXX
lin_88881,XXX
lin_88836,XXX
lin_88893,XXX
lin_88848,XXX
lin_87192,XXX
lin_87142,XXX
lin_87126,XXX
lin_87588,XXX
lin_87569,XXX
lin_87512,XXX
lin_87571,XXX
lin_87559,XXX
lin_7750,XXX
lin_90126,XXX
lin_90152,XXX
lin_37048,XXX
lin_45037,XXX
lin_91665,XXX
lin_91632,XXX
lin_30098,XXX
lin_30002,XXX
lin_66897,XXX
lin_66880,XXX
lin_85253,XXX
lin_46905,XXX
lin_46909,XXX
lin_46913,XXX
lin_46990,XXX
lin_71522,XXX
lin_71509,XXX
lin_32040,XXX
lin_32010,XXX
lin_32039,XXX
lin_32027,XXX
lin_25631,XXX
lin_55406,XXX
lin_55415,XXX
lin_55405,XXX
lin_55478,XXX
lin_55417,XXX
lin_23624,XXX
lin_71417,XXX
lin_71402,XXX
lin_71450,XXX
lin_35107,XXX
lin_35188,XXX
lin_35171,XXX
lin_35153,XXX
lin_35134,XXX
lin_85793,XXX
lin_85772,XXX
lin_16295,XXX
lin_67205,XXX
lin_440,XXX
lin_17155,XXX
lin_17184,XXX
lin_17111,XXX
lin_54956,XXX
lin_86825,XXX
lin_86817,XXX
lin_86810,XXX
lin_86887,XXX
lin_83371,XXX
lin_83308,XXX
lin_83331,XXX
lin_16387,XXX
lin_18249,XXX
lin_18213,XXX
lin_18288,XXX
lin_53795,XXX
lin_20322,XXX
lin_20395,XXX
lin_20305,XXX
lin_78211,XXX
lin_78269,XXX
lin_78270,XXX
lin_82998,XXX
lin_82973,XXX
lin_96196,XXX
lin_96166,XXX
lin_78985,XXX
lin_95772,XXX
lin_95782,XXX
lin_95762,XXX
lin_6420,XXX
lin_34840,XXX
lin_34864,XXX
lin_55219,XXX
lin_55276,XXX
lin_19132,XXX
lin_19126,XXX
lin_19130,XXX
lin_1000,XXX
lin_1027,XXX
lin_1050,XXX
lin_37208,XXX
lin_37229,XXX
lin_91885,XXX
lin_50766,XXX
lin_39307,XXX
lin_39317,XXX
lin_87206,XXX
lin_87279,XXX
lin_69953,XXX
lin_69944,XXX
lin_88521,XXX
lin_95493,XXX
lin_94209,XXX
lin_94279,XXX
lin_94222,XXX
lin_94248,XXX
lin_33156,XXX
lin_33169,XXX
lin_1501,XXX
lin_77328,XXX
lin_77349,XXX
lin_77377,XXX
lin_77350,XXX
lin_10250,XXX
lin_10264,XXX
lin_75236,XXX
lin_55155,XXX
lin_55127,XXX
lin_55122,XXX
lin_9524,XXX
lin_9574,XXX
lin_9547,XXX
lin_68337,XXX
lin_68360,XXX
lin_68329,XXX
lin_86472,XXX
lin_93994,XXX
lin_93971,XXX
lin_93977,XXX
lin_93943,XXX
lin_85561,XXX
lin_85555,XXX
lin_85556,XXX
lin_85568,XXX
lin_78820,XXX
lin_72647,XXX
lin_82788,XXX
lin_46485,XXX
lin_9900,XXX
lin_81363,XXX
lin_81386,XXX
lin_81376,XXX
lin_81343,XXX
lin_81398,XXX
lin_73835,XXX
lin_73864,XXX
lin_73850,XXX
lin_73825,XXX
lin_89332,XXX
lin_89339,XXX
lin_95194,XXX
lin_65100,XXX
lin_65164,XXX
lin_81723,XXX
lin_81701,XXX
lin_82361,XXX
lin_66516,XXX
lin_66534,XXX
lin_52225,XXX
lin_3028,XXX
lin_3000,XXX
lin_3039,XXX
lin_3031,XXX
lin_65095,XXX
lin_14447,XXX
lin_14443,XXX
lin_99951,XXX
lin_99903,XXX
lin_99911,XXX
lin_99973,XXX
lin_57627,XXX
lin_84478,XXX
lin_10020,XXX
lin_44801,XXX
lin_44864,XXX
lin_44881,XXX
lin_97429,XXX
lin_59461,XXX
lin_5579,XXX
lin_5597,XXX
lin_5545,XXX
lin_25773,XXX
lin_64979,XXX
lin_54311,XXX
lin_54320,XXX
lin_54326,XXX
lin_44719,XXX
lin_44718,XXX
lin_44799,XXX
lin_26125,XXX
lin_26170,XXX
lin_32744,XXX
lin_16884,XXX
lin_50951,XXX
lin_21652,XXX
lin_21667,XXX
lin_28513,XXX
lin_28516,XXX
lin_31056,XXX
lin_52335,XXX
lin_52382,XXX
lin_52339,XXX
lin_46035,XXX
lin_97577,XXX
lin_97584,XXX
lin_57537,XXX
lin_57525,XXX
lin_57561,XXX
lin_57594,XXX
lin_57569,XXX
lin_29951,XXX
lin_29991,XXX
lin_59698,XXX
lin_5225,XXX
lin_41512,XXX
lin_41542,XXX
lin_2530,XXX
lin_2555,XXX
lin_2593,XXX
lin_3783,XXX
lin_3700,XXX
lin_3779,XXX
lin_98808,XXX
lin_98829,XXX
lin_48712,XXX
lin_48707,XXX
lin_70592,XXX
lin_70565,XXX
lin_4977,XXX
lin_15865,XXX
lin_15897,XXX
lin_39029,XXX
lin_39071,XXX
lin_39083,XXX
lin_28871,XXX
lin_28890,XXX
lin_23035,XXX
lin_98309,XXX
lin_98319,XXX
lin_95935,XXX
lin_95928,XXX
lin_95999,XXX
lin_3114,XXX
lin_3116,XXX
lin_99168,XXX
lin_58700,XXX
lin_19750,XXX
lin_19789,XXX
lin_16761,XXX
lin_16785,XXX
lin_94057,XXX
lin_91416,XXX
lin_91421,XXX
lin_91495,XXX
lin_91467,XXX
lin_7601,XXX
lin_7695,XXX
lin_44150,XXX
lin_44144,XXX
lin_44148,XXX
lin_44172,XXX
lin_87870,XXX
lin_63775,XXX
lin_63792,XXX
lin_89808,XXX
lin_89827,XXX
lin_89865,XXX
lin_55001,XXX
lin_55098,XXX
lin_56973,XXX
lin_56967,XXX
lin_56924,XXX
lin_45494,XXX
lin_54775,XXX
lin_23207,XXX
lin_23258,XXX
lin_48272,XXX
lin_29573,XXX
lin_29571,XXX
lin_29583,XXX
lin_29523,XXX
lin_3655,XXX
lin_3650,XXX
lin_3657,XXX
lin_3648,XXX
lin_6162,XXX
lin_6112,XXX
lin_6190,XXX
lin_95249,XXX
lin_61349,XXX
lin_61390,XXX
lin_73688,XXX
lin_73656,XXX
lin_73691,XXX
lin_97350,XXX
lin_51802,XXX
lin_30742,XXX
lin_30766,XXX
lin_30721,XXX
lin_83235,XXX
lin_83217,XXX
lin_83230,XXX
lin_45802,XXX
lin_45877,XXX
lin_89935,XXX
lin_89960,XXX
lin_89949,XXX
lin_89976,XXX
lin_89980,XXX
lin_74218,XXX
lin_74283,XXX
lin_74288,XXX
lin_74296,XXX
lin_74212,XXX
lin_90450,XXX
lin_90436,XXX
lin_90462,XXX
lin_83687,XXX
lin_83634,XXX
lin_83621,XXX
lin_47826,XXX
lin_29288,XXX
lin_29295,XXX
lin_33891,XXX
lin_33866,XXX
lin_75955,XXX
lin_75988,XXX
lin_75978,XXX
lin_66109,XXX
lin_66129,XXX
lin_79246,XXX
lin_79216,XXX
lin_79243,XXX
lin_29656,XXX
lin_96451,XXX
lin_96485,XXX
lin_49568,XXX
lin_78007,XXX
lin_78051,XXX
lin_67336,XXX
lin_40478,XXX
lin_40467,XXX
lin_31735,XXX
lin_30919,XXX
lin_7892,XXX
lin_42534,XXX
lin_42519,XXX
lin_51425,XXX
lin_44682,XXX
lin_44669,XXX
lin_7905,XXX
lin_7917,XXX
lin_60200,XXX
lin_50060,XXX
lin_50084,XXX
lin_75725,XXX
lin_75720,XXX
lin_75728,XXX
lin_35598,XXX
lin_35573,XXX
lin_35527,XXX
lin_14690,XXX
lin_14654,XXX
lin_14642,XXX
lin_26725,XXX
lin_26793,XXX
lin_30544,XXX
lin_49774,XXX
lin_49790,XXX
lin_50382,XXX
lin_43962,XXX
lin_94947,XXX
lin_94918,XXX
lin_80388,XXX
lin_80383,XXX
lin_80346,XXX
lin_4044,XXX
lin_16016,XXX
lin_16009,XXX
lin_2666,XXX
lin_11540,XXX
lin_32994,XXX
lin_32967,XXX
lin_32990,XXX
lin_99394,XXX
lin_99393,XXX
lin_93434,XXX
lin_73400,XXX
lin_15088,XXX
lin_15094,XXX
lin_15050,XXX
lin_24502,XXX
lin_24533,XXX
lin_21215,XXX
lin_63878,XXX
lin_56205,XXX
lin_53156,XXX
lin_53173,XXX
lin_34035,XXX
lin_55949,XXX
lin_55960,XXX
lin_55967,XXX
lin_61234,XXX
lin_61269,XXX
lin_15632,XXX
lin_15670,XXX
lin_15660,XXX
lin_15666,XXX
lin_42646,XXX
lin_47557,XXX
lin_61790,XXX
lin_61710,XXX
lin_61700,XXX
lin_61769,XXX
lin_61702,XXX
lin_61740,XXX
lin_62910,XXX
lin_62907,XXX
lin_41879,XXX
lin_41800,XXX
lin_65634,XXX
lin_65688,XXX
lin_65624,XXX
lin_65697,XXX
lin_76981,XXX
lin_69205,XXX
lin_69260,XXX
lin_80096,XXX
lin_80047,XXX
lin_80077,XXX
lin_80033,XXX
lin_80081,XXX
lin_96715,XXX
lin_12827,XXX
lin_70654,XXX
lin_61562,XXX
lin_61537,XXX
lin_19807,XXX
lin_19865,XXX
lin_19831,XXX
lin_19881,XXX
lin_68767,XXX
lin_68791,XXX
lin_62364,XXX
lin_62386,XXX
lin_5865,XXX
lin_5882,XXX
lin_8941,XXX
lin_8957,XXX
lin_8932,XXX
lin_51613,XXX
lin_51634,XXX
lin_51624,XXX
lin_12648,XXX
lin_81955,XXX
lin_81968,XXX
lin_81951,XXX
lin_87432,XXX
lin_87424,XXX
lin_87443,XXX
lin_87498,XXX
lin_80174,XXX
lin_80104,XXX
lin_80133,XXX
lin_11014,XXX
lin_11058,XXX
lin_20827,XXX
lin_4641,XXX
lin_4686,XXX
lin_4643,XXX
lin_4637,XXX
lin_76375,XXX
lin_76332,XXX
lin_34944,XXX
lin_34930,XXX
lin_34901,XXX
lin_97805,XXX
lin_97868,XXX
lin_10615,XXX
lin_10612,XXX
lin_25875,XXX
lin_25890,XXX
lin_59077,XXX
lin_3467,XXX
lin_3466,XXX
lin_3428,XXX
lin_3464,XXX
lin_49130,XXX
lin_48632,XXX
lin_48646,XXX
lin_2806,XXX
lin_2802,XXX
lin_4793,XXX
lin_44361,XXX
lin_44340,XXX
lin_44363,XXX
lin_44385,XXX
lin_85904,XXX
lin_85924,XXX
lin_85906,XXX
lin_49293,XXX
lin_49237,XXX
lin_91364,XXX
lin_91384,XXX
lin_84340,XXX
lin_84380,XXX
lin_47780,XXX
lin_19303,XXX
lin_19370,XXX
lin_19349,XXX
lin_21366,XXX
lin_21356,XXX
lin_21328,XXX
lin_42465,XXX
lin_42408,XXX
lin_64760,XXX
lin_64773,XXX
lin_64712,XXX
lin_25477,XXX
lin_10588,XXX
lin_10552,XXX
lin_70002,XXX
lin_43811,XXX
lin_43882,XXX
lin_43822,XXX
lin_34153,XXX
lin_13342,XXX
lin_13382,XXX
lin_13308,XXX
lin_11138,XXX
lin_40804,XXX
lin_66284,XXX
lin_66254,XXX
lin_66287,XXX
lin_1896,XXX
lin_1870,XXX
lin_1811,XXX
lin_1821,XXX
lin_64172,XXX
lin_64118,XXX
lin_97071,XXX
lin_97052,XXX
lin_64660,XXX
lin_64615,XXX
lin_56876,XXX
lin_11987,XXX
lin_99456,XXX
lin_96063,XXX
lin_90822,XXX
lin_90887,XXX
lin_36672,XXX
lin_36649,XXX
lin_36652,XXX
lin_32802,XXX
lin_32824,XXX
lin_32825,XXX
lin_32850,XXX
lin_32831,XXX
lin_57147,XXX
lin_57179,XXX
lin_57193,XXX
lin_13851,XXX
lin_26663,XXX
lin_26665,XXX
lin_92795,XXX
lin_36335,XXX
lin_36312,XXX
lin_48021,XXX
lin_50515,XXX
lin_50527,XXX
lin_50590,XXX
lin_50577,XXX
lin_50556,XXX
lin_6722,XXX
lin_6707,XXX
lin_6721,XXX
lin_57214,XXX
lin_5089,XXX
lin_5032,XXX
lin_60798,XXX
lin_60746,XXX
lin_60739,XXX
lin_75022,XXX
lin_5333,XXX
lin_5344,XXX
lin_5357,XXX
lin_5380,XXX
lin_85482,XXX
lin_87399,XXX
lin_31685,XXX
lin_31304,XXX
lin_31382,XXX
lin_31383,XXX
lin_31387,XXX
lin_31331,XXX
lin_67510,XXX
lin_67598,XXX
lin_22515,XXX
lin_22584,XXX
lin_22576,XXX
lin_22582,XXX
lin_22578,XXX
lin_22598,XXX
lin_22589,XXX
lin_22595,XXX
lin_77569,XXX
lin_79809,XXX
lin_79819,XXX
lin_77299,XXX
lin_45217,XXX
lin_45279,XXX
lin_39409,XXX
lin_39467,XXX
lin_11748,XXX
lin_29131,XXX
lin_29126,XXX
lin_29125,XXX
lin_96965,XXX
lin_96911,XXX
lin_10808,XXX
lin_10893,XXX
lin_86612,XXX
lin_38575,XXX
lin_96595,XXX
lin_7026,XXX
lin_39267,XXX
lin_39299,XXX
lin_71602,XXX
lin_81004,XXX
lin_81017,XXX
lin_81087,XXX
lin_81064,XXX
lin_26317,XXX
lin_92687,XXX
lin_2302,XXX
lin_2391,XXX
lin_77980,XXX
lin_77970,XXX
lin_86033,XXX
lin_67005,XXX
lin_67018,XXX
lin_67001,XXX
lin_56350,XXX
lin_25218,XXX
lin_25291,XXX
lin_19930,XXX
lin_19973,XXX
lin_19909,XXX
lin_98007,XXX
lin_98014,XXX
lin_73102,XXX
lin_73196,XXX
lin_73169,XXX
lin_98618,XXX
lin_76235,XXX
lin_76225,XXX
lin_2019,XXX
lin_63153,XXX
lin_63185,XXX
lin_63196,XXX
lin_63107,XXX
lin_32335,XXX
lin_32398,XXX
lin_32342,XXX
lin_42851,XXX
lin_100154,XXX
lin_100113,XXX
lin_13537,XXX
lin_13524,XXX
lin_13541,XXX
lin_13503,XXX
lin_13560,XXX
lin_72737,XXX
lin_72753,XXX
lin_72786,XXX
lin_65735,XXX
lin_65761,XXX
lin_65743,XXX
lin_65744,XXX
lin_18392,XXX
lin_294,XXX
lin_239,XXX
lin_62487,XXX
lin_62426,XXX
lin_62473,XXX
lin_62445,XXX
lin_82200,XXX
lin_74915,XXX
lin_74999,XXX
lin_68437,XXX
lin_68413,XXX
lin_82658,XXX
lin_82674,XXX
lin_97715,XXX
lin_97770,XXX
lin_4517,XXX
lin_20776,XXX
lin_54887,XXX
lin_54871,XXX
lin_8854,XXX
lin_8841,XXX
lin_84169,XXX
lin_84190,XXX
lin_33922,XXX
lin_26810,XXX
lin_26883,XXX
lin_72517,XXX
lin_72581,XXX
lin_72582,XXX
lin_73314,XXX
lin_73320,XXX
lin_54158,XXX
lin_54179,XXX
lin_54176,XXX
lin_93594,XXX
lin_93520,XXX
lin_93563,XXX
lin_16173,XXX
lin_16155,XXX
lin_16129,XXX
lin_13939,XXX
lin_95302,XXX
lin_95328,XXX
lin_95392,XXX
lin_36107,XXX
lin_36193,XXX
lin_36179,XXX
lin_50178,XXX
lin_25196,XXX
lin_25182,XXX
lin_56014,XXX
lin_56053,XXX
lin_56095,XXX
lin_75430,XXX
lin_75415,XXX
lin_64828,XXX
lin_64867,XXX
lin_13400,XXX
lin_13428,XXX
lin_13449,XXX
lin_13480,XXX
lin_13494,XXX
lin_59832,XXX
lin_59883,XXX
lin_9073,XXX
lin_9088,XXX
lin_17900,XXX
lin_17998,XXX
lin_50264,XXX
lin_50266,XXX
lin_63254,XXX
lin_63292,XXX
lin_43168,XXX
lin_43145,XXX
lin_97961,XXX
lin_97902,XXX
lin_97995,XXX
lin_52821,XXX
lin_52835,XXX
lin_40056,XXX
lin_17754,XXX
lin_17771,XXX
lin_63347,XXX
lin_18926,XXX
lin_18950,XXX
lin_18928,XXX
lin_18969,XXX
lin_39731,XXX
lin_39722,XXX
lin_39799,XXX
lin_78376,XXX
lin_59105,XXX
lin_65882,XXX
lin_65884,XXX
lin_65893,XXX
lin_91952,XXX
lin_1196,XXX
lin_1152,XXX
lin_1137,XXX
lin_15972,XXX
lin_51787,XXX
lin_66635,XXX
lin_66605,XXX
lin_66615,XXX
lin_66690,XXX
lin_8268,XXX
lin_8270,XXX
lin_8231,XXX
lin_8299,XXX
lin_15274,XXX
lin_15297,XXX
lin_15277,XXX
lin_15226,XXX
lin_13777,XXX
lin_65237,XXX
lin_65299,XXX
lin_65234,XXX
lin_65257,XXX
lin_6323,XXX
lin_6388,XXX
lin_15358,XXX
lin_15354,XXX
lin_15370,XXX
lin_43024,XXX
lin_43039,XXX
lin_43034,XXX
lin_79089,XXX
lin_79072,XXX
lin_79093,XXX
lin_79011,XXX
lin_79036,XXX
lin_79081,XXX
lin_81804,XXX
lin_81828,XXX
lin_81808,XXX
lin_90981,XXX
lin_90976,XXX
lin_90964,XXX
lin_22967,XXX
lin_40261,XXX
lin_86337,XXX
lin_17325,XXX
lin_17385,XXX
lin_22645,XXX
lin_22649,XXX
lin_22676,XXX
lin_59961,XXX
lin_59956,XXX
lin_59985,XXX
lin_60900,XXX
lin_60977,XXX
lin_60994,XXX
lin_60990,XXX
lin_70805,XXX
lin_78615,XXX
lin_47469,XXX
lin_47427,XXX
lin_66974,XXX
lin_66951,XXX
lin_82597,XXX
lin_24040,XXX
lin_72317,XXX
lin_60157,XXX
lin_45535,XXX
lin_71064,XXX
lin_71031,XXX
lin_71087,XXX
lin_71061,XXX
lin_6520,XXX
lin_6513,XXX
lin_6558,XXX
lin_6504,XXX
lin_47935,XXX
lin_47981,XXX
lin_24481,XXX
lin_42927,XXX
lin_9311,XXX
lin_9309,XXX
lin_9303,XXX
lin_9362,XXX
lin_19293,XXX
lin_19213,XXX
lin_19270,XXX
lin_3328,XXX
lin_27101,XXX
lin_27171,XXX
lin_27134,XXX
lin_3234,XXX
lin_3203,XXX
lin_46793,XXX
lin_46743,XXX
lin_79975,XXX
lin_18613,XXX
lin_18699,XXX
lin_10335,XXX
lin_10366,XXX
lin_30656,XXX
lin_30628,XXX
lin_30699,XXX
lin_11313,XXX
lin_11314,XXX
lin_11321,XXX
lin_11376,XXX
lin_11326,XXX
lin_37973,XXX
lin_62193,XXX
lin_73595,XXX
lin_98768,XXX
lin_98767,XXX
lin_98783,XXX
lin_61465,XXX
lin_61419,XXX
lin_94649,XXX
lin_94663,XXX
lin_94689,XXX
lin_94697,XXX
lin_94619,XXX
lin_41636,XXX
lin_41691,XXX
lin_37137,XXX
lin_69671,XXX
lin_75817,XXX
lin_75825,XXX
lin_75866,XXX
lin_75802,XXX
lin_62016,XXX
lin_62070,XXX
lin_62049,XXX
lin_51333,XXX
lin_51388,XXX
lin_75639,XXX
lin_75642,XXX
lin_75607,XXX
lin_75627,XXX
lin_28979,XXX
lin_28913,XXX
lin_82100,XXX
lin_81548,XXX
lin_81504,XXX
lin_81543,XXX
lin_27334,XXX
lin_39983,XXX
lin_1430,XXX
lin_91588,XXX
lin_91527,XXX
lin_91598,XXX
lin_90349,XXX
lin_67428,XXX
lin_67427,XXX
lin_67465,XXX
lin_49488,XXX
lin_79316,XXX
lin_79386,XXX
lin_79351,XXX
lin_79315,XXX
lin_57921,XXX
lin_57936,XXX
lin_57927,XXX
lin_57949,XXX
lin_57916,XXX
lin_57995,XXX
lin_57999,XXX
lin_57929,XXX
lin_57968,XXX
lin_80294,XXX
lin_80248,XXX
lin_80293,XXX
lin_92114,XXX
lin_92151,XXX
lin_92160,XXX
lin_92191,XXX
lin_86111,XXX
lin_86103,XXX
lin_13278,XXX
lin_13279,XXX
lin_55820,XXX
lin_55897,XXX
lin_55831,XXX
lin_55810,XXX
lin_85010,XXX
lin_29759,XXX
lin_29750,XXX
lin_29781,XXX
lin_32599,XXX
lin_28369,XXX
lin_28357,XXX
lin_79520,XXX
lin_79549,XXX
lin_79568,XXX
lin_44208,XXX
lin_55564,XXX
lin_55375,XXX
lin_37348,XXX
lin_37323,XXX
lin_1734,XXX
lin_24332,XXX
lin_24369,XXX
lin_24312,XXX
lin_24344,XXX
lin_14064,XXX
lin_58664,XXX
lin_58696,XXX
lin_70466,XXX
lin_27862,XXX
lin_27884,XXX
lin_78593,XXX
lin_76152,XXX
lin_76186,XXX
lin_5187,XXX
lin_5112,XXX
lin_5186,XXX
lin_5134,XXX
lin_5190,XXX
lin_8323,XXX
lin_8344,XXX
lin_28725,XXX
lin_94306,XXX
lin_94309,XXX
lin_94338,XXX
lin_61688,XXX
lin_30197,XXX
lin_30175,XXX
lin_18767,XXX
lin_18750,XXX
lin_94503,XXX
lin_94564,XXX
lin_18121,XXX
lin_18147,XXX
lin_92418,XXX
lin_714,XXX
lin_777,XXX
lin_786,XXX
lin_756,XXX
lin_776,XXX
lin_67149,XXX
lin_67122,XXX
lin_174,XXX
lin_165,XXX
lin_169,XXX
lin_20273,XXX
lin_20233,XXX
lin_20248,XXX
lin_20260,XXX
lin_20231,XXX
lin_20257,XXX
lin_20261,XXX
lin_68501,XXX
lin_78184,XXX
lin_9635,XXX
lin_9617,XXX
lin_9662,XXX
lin_42736,XXX
lin_42747,XXX
lin_28464,XXX
lin_12178,XXX
lin_12160,XXX
lin_12194,XXX
lin_12117,XXX
lin_12152,XXX
lin_12500,XXX
lin_12546,XXX
lin_12558,XXX
lin_12517,XXX
lin_75148,XXX
lin_75120,XXX
lin_99595,XXX
lin_72832,XXX
lin_70926,XXX
lin_13199,XXX
lin_13185,XXX
lin_72251,XXX
lin_80948,XXX
lin_80949,XXX
lin_80908,XXX
lin_80953,XXX
lin_80944,XXX
lin_86964,XXX
lin_86985,XXX
lin_57005,XXX
lin_38030,XXX
lin_38071,XXX
lin_38034,XXX
lin_20427,XXX
lin_80618,XXX
lin_80659,XXX
lin_80657,XXX
lin_66403,XXX
lin_74643,XXX
lin_74631,XXX
lin_49656,XXX
lin_49669,XXX
lin_69165,XXX
lin_43622,XXX
lin_43627,XXX
lin_43693,XXX
lin_43646,XXX
lin_65478,XXX
lin_65438,XXX
lin_57873,XXX
lin_57893,XXX
lin_30371,XXX
lin_30373,XXX
lin_30337,XXX
lin_30356,XXX
lin_30266,XXX
lin_30278,XXX
lin_16925,XXX
lin_16997,XXX
lin_16998,XXX
lin_84918,XXX
lin_63994,XXX
lin_39858,XXX
lin_39881,XXX
lin_47299,XXX
lin_47200,XXX
lin_47213,XXX
lin_9217,XXX
lin_9254,XXX
lin_9273,XXX
lin_21758,XXX
lin_21730,XXX
lin_21749,XXX
lin_21727,XXX
lin_72447,XXX
lin_72467,XXX
lin_72448,XXX
sna_19435,XXX
sna_60933,XXX
sna_60986,XXX
sna_60960,XXX
sna_52969,XXX
sna_52915,XXX
sna_52949,XXX
sna_23150,XXX
sna_51545,XXX
sna_41249,XXX
sna_41248,XXX
sna_41225,XXX
sna_41226,XXX
sna_7878,XXX
sna_36946,XXX
sna_5531,XXX
sna_5558,XXX
sna_5563,XXX
sna_97482,XXX
sna_96496,XXX
sna_96488,XXX
sna_293,XXX
sna_258,XXX
sna_271,XXX
sna_296,XXX
sna_14659,XXX
sna_14648,XXX
sna_14618,XXX
sna_14691,XXX
sna_15754,XXX
sna_15767,XXX
sna_94152,XXX
sna_94192,XXX
sna_92465,XXX
sna_19028,XXX
sna_19089,XXX
sna_19092,XXX
sna_51339,XXX
sna_51301,XXX
sna_51359,XXX
sna_9639,XXX
sna_9692,XXX
sna_60621,XXX
sna_60686,XXX
sna_27495,XXX
sna_27443,XXX
sna_27478,XXX
sna_81284,XXX
sna_81223,XXX
sna_81271,XXX
sna_41630,XXX
sna_60127,XXX
sna_60193,XXX
sna_60116,XXX
sna_94259,XXX
sna_90856,XXX
sna_90827,XXX
sna_62874,XXX
sna_62329,XXX
sna_42204,XXX
sna_42223,XXX
sna_30612,XXX
sna_82127,XXX
sna_82125,XXX
sna_82159,XXX
sna_82416,XXX
sna_82496,XXX
sna_82097,XXX
sna_82020,XXX
sna_98224,XXX
sna_98234,XXX
sna_25873,XXX
sna_25865,XXX
sna_25824,XXX
sna_64950,XXX
sna_64970,XXX
sna_39000,XXX
sna_39052,XXX
sna_39064,XXX
sna_39086,XXX
sna_39090,XXX
sna_83450,XXX
sna_70250,XXX
sna_70259,XXX
sna_90030,XXX
sna_68227,XXX
sna_68211,XXX
sna_68295,XXX
sna_66100,XXX
sna_66179,XXX
sna_28455,XXX
sna_28440,XXX
sna_28453,XXX
sna_58328,XXX
sna_88552,XXX
sna_88598,XXX
sna_86070,XXX
sna_86087,XXX
sna_86085,XXX
sna_55257,XXX
sna_55232,XXX
sna_72049,XXX
sna_86748,XXX
sna_73811,XXX
sna_73863,XXX
sna_73818,XXX
sna_73868,XXX
sna_80050,XXX
sna_67538,XXX
sna_67558,XXX
sna_67597,XXX
sna_20354,XXX
sna_20391,XXX
sna_18225,XXX
sna_18269,XXX
sna_93920,XXX
sna_93930,XXX
sna_93970,XXX
sna_54322,XXX
sna_54382,XXX
sna_54362,XXX
sna_12122,XXX
sna_12197,XXX
sna_74600,XXX
sna_74636,XXX
sna_74609,XXX
sna_18068,XXX
sna_1304,XXX
sna_1324,XXX
sna_46231,XXX
sna_46215,XXX
sna_25721,XXX
sna_25773,XXX
sna_31516,XXX
sna_31570,XXX
sna_31548,XXX
sna_50341,XXX
sna_50327,XXX
sna_50370,XXX
sna_58597,XXX
sna_58573,XXX
sna_79973,XXX
sna_79952,XXX
sna_79918,XXX
sna_98046,XXX
sna_52063,XXX
sna_52009,XXX
sna_38947,XXX
sna_38944,XXX
sna_38955,XXX
sna_38973,XXX
sna_6994,XXX
sna_6946,XXX
sna_56878,XXX
sna_56854,XXX
sna_56868,XXX
sna_56884,XXX
sna_40630,XXX
sna_81734,XXX
sna_81706,XXX
sna_9557,XXX
sna_9508,XXX
sna_9531,XXX
sna_8325,XXX
sna_16629,XXX
sna_16694,XXX
sna_48024,XXX
sna_48089,XXX
sna_17540,XXX
sna_71029,XXX
sna_71048,XXX
sna_66492,XXX
sna_66464,XXX
sna_91054,XXX
sna_75551,XXX
sna_40107,XXX
sna_91897,XXX
sna_91869,XXX
sna_82995,XXX
sna_82978,XXX
sna_82958,XXX
sna_82930,XXX
sna_43951,XXX
sna_43912,XXX
sna_44752,XXX
sna_22945,XXX
sna_10293,XXX
sna_10216,XXX
sna_10237,XXX
sna_10294,XXX
sna_3238,XXX
sna_3234,XXX
sna_3212,XXX
sna_65025,XXX
sna_65061,XXX
sna_65014,XXX
sna_65029,XXX
sna_21812,XXX
sna_31622,XXX
sna_40812,XXX
sna_40884,XXX
sna_40822,XXX
sna_13633,XXX
sna_13611,XXX
sna_13647,XXX
sna_64544,XXX
sna_64572,XXX
sna_63195,XXX
sna_39184,XXX
sna_39114,XXX
sna_78711,XXX
sna_78787,XXX
sna_88236,XXX
sna_1116,XXX
sna_1169,XXX
sna_1111,XXX
sna_90295,XXX
sna_26028,XXX
sna_26092,XXX
sna_95495,XXX
sna_101515,XXX
sna_42915,XXX
sna_99141,XXX
sna_99198,XXX
sna_99126,XXX
sna_97880,XXX
sna_28934,XXX
sna_16717,XXX
sna_16747,XXX
sna_16787,XXX
sna_78608,XXX
sna_53825,XXX
sna_89073,XXX
sna_89030,XXX
sna_78174,XXX
sna_78128,XXX
sna_46064,XXX
sna_46098,XXX
sna_10056,XXX
sna_63604,XXX
sna_63691,XXX
sna_100736,XXX
sna_75358,XXX
sna_75352,XXX
sna_75381,XXX
sna_46714,XXX
sna_46767,XXX
sna_59288,XXX
sna_59205,XXX
sna_30760,XXX
sna_30753,XXX
sna_24707,XXX
sna_24705,XXX
sna_24787,XXX
sna_61136,XXX
sna_25582,XXX
sna_25525,XXX
sna_25532,XXX
sna_25507,XXX
sna_85430,XXX
sna_85435,XXX
sna_57171,XXX
sna_57181,XXX
sna_50510,XXX
sna_50548,XXX
sna_50508,XXX
sna_50576,XXX
sna_15090,XXX
sna_95505,XXX
sna_95545,XXX
sna_95553,XXX
sna_95519,XXX
sna_37656,XXX
sna_37615,XXX
sna_2826,XXX
sna_2800,XXX
sna_13542,XXX
sna_13571,XXX
sna_30315,XXX
sna_83379,XXX
sna_83372,XXX
sna_25110,XXX
sna_25122,XXX
sna_25171,XXX
sna_82399,XXX
sna_82372,XXX
sna_21019,XXX
sna_32814,XXX
sna_101303,XXX
sna_74969,XXX
sna_83565,XXX
sna_83584,XXX
sna_49819,XXX
sna_15909,XXX
sna_87536,XXX
sna_87527,XXX
sna_33902,XXX
sna_63315,XXX
sna_63373,XXX
sna_63358,XXX
sna_98621,XXX
sna_98666,XXX
sna_98679,XXX
sna_65358,XXX
sna_71138,XXX
sna_71107,XXX
sna_77283,XXX
sna_77246,XXX
sna_31286,XXX
sna_68711,XXX
sna_68702,XXX
sna_68759,XXX
sna_37510,XXX
sna_37588,XXX
sna_37509,XXX
sna_77921,XXX
sna_1599,XXX
sna_1561,XXX
sna_1545,XXX
sna_45796,XXX
sna_59677,XXX
sna_59690,XXX
sna_48113,XXX
sna_69867,XXX
sna_69892,XXX
sna_69807,XXX
sna_69820,XXX
sna_69423,XXX
sna_69441,XXX
sna_69429,XXX
sna_69422,XXX
sna_69456,XXX
sna_69409,XXX
sna_52817,XXX
sna_52840,XXX
sna_52887,XXX
sna_91558,XXX
sna_69349,XXX
sna_72165,XXX
sna_72134,XXX
sna_72120,XXX
sna_74474,XXX
sna_74430,XXX
sna_17652,XXX
sna_17698,XXX
sna_17676,XXX
sna_7668,XXX
sna_7697,XXX
sna_55149,XXX
sna_55107,XXX
sna_55197,XXX
sna_61921,XXX
sna_61990,XXX
sna_61989,XXX
sna_66227,XXX
sna_36116,XXX
sna_36185,XXX
sna_78822,XXX
sna_51817,XXX
sna_51890,XXX
sna_51824,XXX
sna_33881,XXX
sna_33861,XXX
sna_33873,XXX
sna_4106,XXX
sna_4165,XXX
sna_4193,XXX
sna_52247,XXX
sna_40352,XXX
sna_45633,XXX
sna_184,XXX
sna_188,XXX
sna_85528,XXX
sna_85550,XXX
sna_85596,XXX
sna_85505,XXX
sna_60205,XXX
sna_62125,XXX
sna_62113,XXX
sna_62191,XXX
sna_62133,XXX
sna_84009,XXX
sna_83921,XXX
sna_92811,XXX
sna_92867,XXX
sna_10148,XXX
sna_10161,XXX
sna_41491,XXX
sna_20719,XXX
sna_59977,XXX
sna_59946,XXX
sna_21331,XXX
sna_21356,XXX
sna_40291,XXX
sna_40245,XXX
sna_101605,XXX
sna_54825,XXX
sna_54823,XXX
sna_46873,XXX
sna_46881,XXX
sna_46896,XXX
sna_46806,XXX
sna_43459,XXX
sna_43484,XXX
sna_43428,XXX
sna_24569,XXX
sna_24570,XXX
sna_53056,XXX
sna_53062,XXX
sna_22434,XXX
sna_22492,XXX
sna_22449,XXX
sna_21490,XXX
sna_21495,XXX
sna_21419,XXX
sna_21410,XXX
sna_96248,XXX
sna_96260,XXX
sna_96263,XXX
sna_96215,XXX
sna_96251,XXX
sna_96250,XXX
sna_32038,XXX
sna_32029,XXX
sna_77726,XXX
sna_77768,XXX
sna_77765,XXX
sna_77780,XXX
sna_35536,XXX
sna_47752,XXX
sna_47725,XXX
sna_47745,XXX
sna_50861,XXX
sna_50823,XXX
sna_79104,XXX
sna_79153,XXX
sna_79122,XXX
sna_79173,XXX
sna_79178,XXX
sna_7429,XXX
sna_7438,XXX
sna_7491,XXX
sna_59857,XXX
sna_59891,XXX
sna_102194,XXX
sna_102189,XXX
sna_102286,XXX
sna_102201,XXX
sna_77402,XXX
sna_77452,XXX
sna_7033,XXX
sna_7011,XXX
sna_7094,XXX
sna_7014,XXX
sna_82218,XXX
sna_82295,XXX
sna_89304,XXX
sna_89354,XXX
sna_89306,XXX
sna_75201,XXX
sna_75234,XXX
sna_59740,XXX
sna_59747,XXX
sna_59706,XXX
sna_102010,XXX
sna_102062,XXX
sna_102011,XXX
sna_102055,XXX
sna_102096,XXX
sna_102082,XXX
sna_36681,XXX
sna_36687,XXX
sna_36664,XXX
sna_93539,XXX
sna_93517,XXX
sna_80897,XXX
sna_80850,XXX
sna_41030,XXX
sna_95910,XXX
sna_95991,XXX
sna_100077,XXX
sna_100076,XXX
sna_86595,XXX
sna_23524,XXX
sna_23581,XXX
sna_23594,XXX
sna_42579,XXX
sna_42564,XXX
sna_42537,XXX
sna_42500,XXX
sna_5413,XXX
sna_39258,XXX
sna_39277,XXX
sna_84876,XXX
sna_84852,XXX
sna_27136,XXX
sna_27184,XXX
sna_34936,XXX
sna_34994,XXX
sna_34995,XXX
sna_102810,XXX
sna_59187,XXX
sna_59149,XXX
sna_59179,XXX
sna_59120,XXX
sna_38389,XXX
sna_25933,XXX
sna_25957,XXX
sna_25973,XXX
sna_60555,XXX
sna_47509,XXX
sna_5720,XXX
sna_5773,XXX
sna_45834,XXX
sna_4459,XXX
sna_53251,XXX
sna_53204,XXX
sna_63994,XXX
sna_50939,XXX
sna_55445,XXX
sna_55464,XXX
sna_16889,XXX
sna_16861,XXX
sna_16875,XXX
sna_42708,XXX
sna_42752,XXX
sna_42749,XXX
sna_42704,XXX
sna_42793,XXX
sna_2261,XXX
sna_2291,XXX
sna_2251,XXX
sna_86689,XXX
sna_86652,XXX
sna_22635,XXX
sna_20066,XXX
sna_20030,XXX
sna_80315,XXX
sna_80384,XXX
sna_80387,XXX
sna_54409,XXX
sna_54450,XXX
sna_54435,XXX
sna_53184,XXX
sna_53158,XXX
sna_53165,XXX
sna_53128,XXX
sna_44380,XXX
sna_44312,XXX
sna_48382,XXX
sna_48346,XXX
sna_39848,XXX
sna_91672,XXX
sna_91666,XXX
sna_40529,XXX
sna_40506,XXX
sna_2437,XXX
sna_8878,XXX
sna_8851,XXX
sna_47980,XXX
sna_47913,XXX
sna_47947,XXX
sna_72259,XXX
sna_72232,XXX
sna_72257,XXX
sna_76969,XXX
sna_76934,XXX
sna_24850,XXX
sna_24861,XXX
sna_24851,XXX
sna_55554,XXX
sna_55544,XXX
sna_94785,XXX
sna_94791,XXX
sna_43359,XXX
sna_57016,XXX
sna_20876,XXX
sna_35062,XXX
sna_35094,XXX
sna_10581,XXX
sna_10580,XXX
sna_48893,XXX
sna_48833,XXX
sna_35363,XXX
sna_35371,XXX
sna_70080,XXX
sna_70069,XXX
sna_70025,XXX
sna_10704,XXX
sna_10732,XXX
sna_92670,XXX
sna_88450,XXX
sna_88423,XXX
sna_5608,XXX
sna_90110,XXX
sna_56035,XXX
sna_56012,XXX
sna_56058,XXX
sna_76416,XXX
sna_76469,XXX
sna_76419,XXX
sna_46522,XXX
sna_46595,XXX
sna_46575,XXX
sna_46555,XXX
sna_76041,XXX
sna_61894,XXX
sna_61839,XXX
sna_61820,XXX
sna_93689,XXX
sna_93685,XXX
sna_40086,XXX
sna_40096,XXX
sna_40089,XXX
sna_14553,XXX
sna_14545,XXX
sna_37358,XXX
sna_34738,XXX
sna_34764,XXX
sna_44870,XXX
sna_44871,XXX
sna_28342,XXX
sna_28353,XXX
sna_28315,XXX
sna_6805,XXX
sna_6869,XXX
sna_72817,XXX
sna_72855,XXX
sna_72830,XXX
sna_50154,XXX
sna_50136,XXX
sna_50135,XXX
sna_50133,XXX
sna_50145,XXX
sna_50128,XXX
sna_50144,XXX
sna_65999,XXX
sna_9293,XXX
sna_58708,XXX
sna_58739,XXX
sna_58798,XXX
sna_9187,XXX
sna_9112,XXX
sna_9151,XXX
sna_9198,XXX
sna_7203,XXX
sna_7298,XXX
sna_47880,XXX
sna_47865,XXX
sna_76124,XXX
sna_76163,XXX
sna_69070,XXX
sna_6240,XXX
sna_6261,XXX
sna_6295,XXX
sna_6286,XXX
sna_6250,XXX
sna_32999,XXX
sna_32983,XXX
sna_32132,XXX
sna_32115,XXX
sna_32162,XXX
sna_32147,XXX
sna_102937,XXX
sna_11706,XXX
sna_74351,XXX
sna_99812,XXX
sna_99805,XXX
sna_99833,XXX
sna_75900,XXX
sna_75984,XXX
sna_77658,XXX
sna_77613,XXX
sna_34640,XXX
sna_34629,XXX
sna_95153,XXX
sna_95139,XXX
sna_95125,XXX
sna_97907,XXX
sna_84314,XXX
sna_84307,XXX
sna_9924,XXX
sna_29584,XXX
sna_29560,XXX
sna_29516,XXX
sna_64318,XXX
sna_64397,XXX
sna_91106,XXX
sna_91128,XXX
sna_91158,XXX
sna_91178,XXX
sna_64272,XXX
sna_64247,XXX
sna_64278,XXX
sna_12417,XXX
sna_12496,XXX
sna_9702,XXX
sna_9732,XXX
sna_9792,XXX
sna_9778,XXX
sna_9746,XXX
sna_97345,XXX
sna_97335,XXX
sna_97353,XXX
sna_63803,XXX
sna_63871,XXX
sna_63802,XXX
sna_84640,XXX
sna_84699,XXX
sna_84660,XXX
sna_12810,XXX
sna_29422,XXX
sna_29430,XXX
sna_29464,XXX
sna_28773,XXX
sna_22157,XXX
sna_62479,XXX
sna_62431,XXX
sna_37150,XXX
sna_37193,XXX
sna_37131,XXX
sna_24260,XXX
sna_24228,XXX
sna_24250,XXX
sna_24276,XXX
sna_16257,XXX
sna_16205,XXX
sna_13143,XXX
sna_81477,XXX
sna_81471,XXX
sna_18498,XXX
sna_40751,XXX
sna_7757,XXX
sna_38471,XXX
sna_35772,XXX
sna_35787,XXX
sna_63474,XXX
sna_63481,XXX
sna_1767,XXX
sna_1714,XXX
sna_46908,XXX
sna_46932,XXX
sna_46917,XXX
sna_98834,XXX
sna_98850,XXX
sna_100421,XXX
sna_100409,XXX
sna_100403,XXX
sna_57970,XXX
sna_57985,XXX
sna_19967,XXX
sna_74701,XXX
sna_74709,XXX
sna_74733,XXX
sna_33133,XXX
sna_85347,XXX
sna_85321,XXX
sna_85376,XXX
sna_12327,XXX
sna_12335,XXX
sna_12398,XXX
sna_12316,XXX
sna_73736,XXX
sna_73727,XXX
sna_73764,XXX
sna_25391,XXX
sna_96622,XXX
sna_65290,XXX
sna_65253,XXX
sna_65287,XXX
sna_65286,XXX
sna_65255,XXX
sna_75160,XXX
sna_1088,XXX
sna_1061,XXX
sna_19572,XXX
sna_19533,XXX
sna_19554,XXX
sna_19527,XXX
sna_19526,XXX
sna_19581,XXX
sna_19536,XXX
sna_36435,XXX
sna_3123,XXX
sna_3121,XXX
sna_3107,XXX
sna_75866,XXX
sna_70458,XXX
sna_70427,XXX
sna_34554,XXX
sna_93292,XXX
sna_93207,XXX
sna_44606,XXX
sna_44688,XXX
sna_61426,XXX
sna_29047,XXX
sna_29086,XXX
sna_29075,XXX
sna_55654,XXX
sna_55641,XXX
sna_55655,XXX
sna_55657,XXX
sna_68441,XXX
sna_68478,XXX
sna_68424,XXX
sna_68402,XXX
sna_7529,XXX
sna_47610,XXX
sna_24461,XXX
sna_27751,XXX
sna_27775,XXX
sna_73542,XXX
sna_911,XXX
sna_949,XXX
sna_965,XXX
sna_57661,XXX
sna_57644,XXX
sna_57685,XXX
sna_51626,XXX
sna_51625,XXX
sna_51667,XXX
sna_8410,XXX
sna_8440,XXX
sna_57500,XXX
sna_57590,XXX
sna_57517,XXX
sna_73365,XXX
sna_6072,XXX
sna_6014,XXX
sna_70820,XXX
sna_70887,XXX
sna_70863,XXX
sna_70899,XXX
sna_70884,XXX
sna_83247,XXX
sna_49027,XXX
sna_49075,XXX
sna_8066,XXX
sna_8057,XXX
sna_8049,XXX
sna_60357,XXX
sna_34875,XXX
sna_34882,XXX
sna_34899,XXX
sna_45521,XXX
sna_45517,XXX
sna_49711,XXX
sna_49708,XXX
sna_49761,XXX
sna_73081,XXX
sna_27247,XXX
sna_27298,XXX
sna_39913,XXX
sna_39993,XXX
sna_87431,XXX
sna_51478,XXX
sna_51449,XXX
sna_47004,XXX
sna_80185,XXX
sna_80169,XXX
sna_80132,XXX
sna_100264,XXX
sna_101206,XXX
sna_12668,XXX
sna_5807,XXX
sna_18764,XXX
sna_18776,XXX
sna_18791,XXX
sna_18799,XXX
sna_18736,XXX
sna_18774,XXX
sna_87814,XXX
sna_87804,XXX
sna_87852,XXX
sna_87872,XXX
sna_62202,XXX
sna_62242,XXX
sna_62295,XXX
sna_65613,XXX
sna_82553,XXX
sna_56618,XXX
sna_66808,XXX
sna_97769,XXX
sna_97741,XXX
sna_97721,XXX
sna_86872,XXX
sna_86858,XXX
sna_86860,XXX
sna_86839,XXX
sna_21271,XXX
sna_21261,XXX
sna_21272,XXX
sna_3819,XXX
sna_3873,XXX
sna_3888,XXX
sna_3809,XXX
sna_3848,XXX
sna_3898,XXX
sna_72528,XXX
sna_72598,XXX
sna_96891,XXX
sna_96829,XXX
sna_96811,XXX
sna_96848,XXX
sna_96836,XXX
sna_96876,XXX
sna_63580,XXX
sna_63586,XXX
sna_101759,XXX
sna_101714,XXX
sna_101734,XXX
sna_101733,XXX
sna_101790,XXX
sna_94345,XXX
sna_88686,XXX
sna_1219,XXX
sna_1275,XXX
sna_1211,XXX
sna_67367,XXX
sna_67383,XXX
sna_31150,XXX
sna_29954,XXX
sna_29916,XXX
sna_8277,XXX
sna_8292,XXX
sna_54119,XXX
sna_54142,XXX
sna_9816,XXX
sna_9831,XXX
sna_27897,XXX
sna_42810,XXX
sna_42874,XXX
sna_80792,XXX
sna_15418,XXX
sna_15461,XXX
sna_18820,XXX
sna_18892,XXX
sna_69116,XXX
sna_69191,XXX
sna_865,XXX
sna_859,XXX
sna_13392,XXX
sna_55007,XXX
sna_55085,XXX
sna_55053,XXX
sna_17155,XXX
sna_17132,XXX
sna_17167,XXX
sna_60749,XXX
sna_60727,XXX
sna_60759,XXX
sna_41153,XXX
sna_41155,XXX
sna_69613,XXX
sna_69633,XXX
sna_69694,XXX
sna_87984,XXX
sna_87991,XXX
sna_15244,XXX
sna_15216,XXX
sna_15235,XXX
sna_15255,XXX
sna_30540,XXX
sna_30575,XXX
sna_30544,XXX
sna_30534,XXX
sna_49922,XXX
sna_49926,XXX
sna_84501,XXX
sna_84500,XXX
sna_66625,XXX
sna_87147,XXX
sna_15623,XXX
sna_15656,XXX
sna_15670,XXX
sna_69777,XXX
sna_69733,XXX
sna_67645,XXX
sna_67685,XXX
sna_86341,XXX
sna_22293,XXX
sna_57769,XXX
sna_61020,XXX
sna_76614,XXX
sna_76632,XXX
sna_81807,XXX
sna_29614,XXX
sna_29644,XXX
sna_79697,XXX
sna_5963,XXX
sna_5913,XXX
sna_5922,XXX
sna_7332,XXX
sna_7346,XXX
sna_7379,XXX
sna_7360,XXX
sna_93719,XXX
sna_93794,XXX
sna_62904,XXX
sna_8678,XXX
sna_8604,XXX
sna_84746,XXX
sna_84786,XXX
sna_85206,XXX
sna_85222,XXX
sna_74874,XXX
sna_55869,XXX
sna_55815,XXX
sna_55833,XXX
sna_55857,XXX
sna_75053,XXX
sna_28647,XXX
sna_37949,XXX
sna_61370,XXX
sna_61320,XXX
sna_61373,XXX
sna_61333,XXX
sna_77088,XXX
sna_77084,XXX
sna_18686,XXX
sna_4068,XXX
sna_4076,XXX
sna_53787,XXX
sna_3582,XXX
sna_37717,XXX
sna_37772,XXX
sna_53561,XXX
sna_29200,XXX
sna_29228,XXX
sna_81661,XXX
sna_81673,XXX
sna_81600,XXX
sna_62507,XXX
sna_62504,XXX
sna_90615,XXX
sna_90674,XXX
sna_17413,XXX
sna_17422,XXX
sna_17451,XXX
sna_17473,XXX
sna_3955,XXX
sna_3940,XXX
sna_3958,XXX
sna_15151,XXX
sna_44494,XXX
sna_91375,XXX
sna_3313,XXX
sna_62061,XXX
sna_62022,XXX
sna_62073,XXX
sna_65454,XXX
sna_65490,XXX
sna_65435,XXX
sna_67215,XXX
sna_42062,XXX
sna_21198,XXX
sna_23358,XXX
sna_56420,XXX
sna_67056,XXX
sna_67013,XXX
sna_14232,XXX
sna_67895,XXX
sna_78450,XXX
sna_78469,XXX
sna_93018,XXX
sna_93026,XXX
sna_93098,XXX
sna_93037,XXX
sna_80213,XXX
sna_80275,XXX
sna_80288,XXX
sna_101987,XXX
sna_101991,XXX
sna_45216,XXX
sna_19375,XXX
sna_66098,XXX
sna_66022,XXX
sna_84961,XXX
sna_28547,XXX
sna_28551,XXX
sna_66783,XXX
sna_91255,XXX
sna_79031,XXX
sna_79023,XXX
sna_10628,XXX
sna_10640,XXX
sna_10656,XXX
sna_10618,XXX
sna_10616,XXX
sna_71593,XXX
sna_71524,XXX
sna_95655,XXX
sna_95634,XXX
sna_95680,XXX
sna_99728,XXX
sna_35664,XXX
sna_35651,XXX
sna_35692,XXX
sna_35637,XXX
sna_33644,XXX
sna_33671,XXX
sna_33648,XXX
sna_97693,XXX
sna_97608,XXX
sna_99370,XXX
sna_99366,XXX
sna_99304,XXX
sna_99364,XXX
sna_79258,XXX
sna_79251,XXX
sna_72372,XXX
sna_14831,XXX
sna_78565,XXX
sna_25675,XXX
sna_25646,XXX
sna_35439,XXX
sna_35455,XXX
sna_35496,XXX
sna_22564,XXX
sna_21610,XXX
sna_21660,XXX
sna_48594,XXX
sna_97115,XXX
sna_97163,XXX
sna_97184,XXX
sna_33713,XXX
sna_33774,XXX
sna_83681,XXX
sna_83620,XXX
sna_14056,XXX
sna_14098,XXX
sna_56156,XXX
sna_56167,XXX
sna_56160,XXX
sna_56140,XXX
sna_56197,XXX
sna_56175,XXX
sna_13414,XXX
sna_16407,XXX
sna_50033,XXX
sna_68074,XXX
sna_68066,XXX
sna_43232,XXX
sna_52737,XXX
sna_59065,XXX
sna_59085,XXX
sna_34427,XXX
sna_34481,XXX
sna_34431,XXX
sna_41774,XXX
sna_66354,XXX
sna_1608,XXX
sna_50207,XXX
sna_50245,XXX
sna_49553,XXX
sna_55317,XXX
sna_28018,XXX
sna_70947,XXX
sna_17704,XXX
sna_17706,XXX
sna_17759,XXX
sna_78927,XXX
sna_78906,XXX
sna_24312,XXX
sna_24379,XXX
sna_100117,XXX
sna_100157,XXX
sna_100116,XXX
sna_79746,XXX
sna_79782,XXX
sna_72454,XXX
sna_72408,XXX
sna_72476,XXX
sna_72428,XXX
sna_52346,XXX
sna_52373,XXX
sna_52375,XXX
sna_94545,XXX
sna_16521,XXX
sna_16528,XXX
sna_69228,XXX
sna_69244,XXX
sna_84412,XXX
sna_84413,XXX
sna_84464,XXX
sna_84459,XXX
sna_98198,XXX
sna_32637,XXX
sna_85835,XXX
sna_48254,XXX
sna_41574,XXX
sna_41507,XXX
sna_76391,XXX
sna_76322,XXX
sna_26436,XXX
sna_26454,XXX
sna_26430,XXX
sna_96077,XXX
sna_96036,XXX
sna_18378,XXX
sna_18301,XXX
sna_47485,XXX
sna_47475,XXX
sna_58854,XXX
sna_58874,XXX
sna_34034,XXX
sna_34004,XXX
sna_18900,XXX
sna_18947,XXX
sna_3423,XXX
sna_27303,XXX
sna_17909,XXX
sna_89849,XXX
sna_89869,XXX
sna_19276,XXX
sna_83820,XXX
sna_83844,XXX
sna_83895,XXX
sna_83869,XXX
sna_4784,XXX
sna_4752,XXX
sna_74158,XXX
sna_98924,XXX
sna_98921,XXX
sna_98927,XXX
sna_98918,XXX
sna_12582,XXX
sna_12512,XXX
sna_12533,XXX
sna_37899,XXX
sna_43839,XXX
sna_95326,XXX
sna_57458,XXX
sna_57426,XXX
sna_57490,XXX
sna_54701,XXX
sna_54762,XXX
sna_54732,XXX
sna_58092,XXX
sna_58058,XXX
sna_58077,XXX
sna_23241,XXX
sna_23260,XXX
sna_75676,XXX
sna_75636,XXX
sna_75625,XXX
sna_88936,XXX
sna_88927,XXX
sna_83068,XXX
sna_29822,XXX
sna_72718,XXX
sna_20290,XXX
sna_100592,XXX
sna_31992,XXX
sna_31999,XXX
sna_81063,XXX
sna_32707,XXX
sna_32727,XXX
sna_32749,XXX
sna_32781,XXX
sna_32776,XXX
sna_99655,XXX
sna_51939,XXX
sna_51931,XXX
sna_51777,XXX
sna_51721,XXX
sna_51725,XXX
sna_51789,XXX
sna_51756,XXX
sna_44087,XXX
sna_88391,XXX
sna_6478,XXX
sna_6473,XXX
sna_89290,XXX
sna_89208,XXX
sna_89226,XXX
sna_89272,XXX
sna_89282,XXX
sna_89297,XXX
sna_54654,XXX
sna_9427,XXX
sna_9476,XXX
sna_39456,XXX
sna_39448,XXX
sna_39415,XXX
sna_70526,XXX
sna_70517,XXX
sna_75433,XXX
sna_75489,XXX
sna_81318,XXX
sna_81359,XXX
sna_81363,XXX
sna_46190,XXX
sna_17290,XXX
sna_17229,XXX
sna_17278,XXX
sna_17205,XXX
sna_35119,XXX
sna_35186,XXX
sna_56274,XXX
sna_17386,XXX
sna_5071,XXX
sna_5008,XXX
sna_65156,XXX
sna_78327,XXX
sna_78364,XXX
sna_78399,XXX
sna_30814,XXX
sna_94832,XXX
sna_94840,XXX
sna_94826,XXX
sna_19664,XXX
sna_19683,XXX
sna_23018,XXX
sna_96353,XXX
sna_96392,XXX
sna_52195,XXX
sna_52139,XXX
sna_52178,XXX
sna_52103,XXX
sna_77185,XXX
sna_77145,XXX
sna_53499,XXX
sna_53437,XXX
sna_53432,XXX
sna_22064,XXX
sna_22094,XXX
sna_22021,XXX
sna_36512,XXX
sna_36537,XXX
sna_36525,XXX
sna_38099,XXX
sna_38022,XXX
sna_38004,XXX
sna_52650,XXX
sna_52612,XXX
sna_52676,XXX
sna_52664,XXX
sna_52611,XXX
sna_19111,XXX
sna_92938,XXX
sna_92982,XXX
sna_54540,XXX
sna_54511,XXX
sna_70324,XXX
sna_70375,XXX
sna_43152,XXX
sna_43151,XXX
sna_87798,XXX
sna_2043,XXX
sna_2024,XXX
sna_51139,XXX
sna_51135,XXX
sna_7944,XXX
sna_7911,XXX
sna_7984,XXX
sna_43779,XXX
sna_99961,XXX
sna_79561,XXX
sna_79594,XXX
sna_79549,XXX
sna_64717,XXX
sna_64759,XXX
sna_23608,XXX
sna_23695,XXX
sna_37236,XXX
sna_37280,XXX
sna_67197,XXX
sna_67164,XXX
sna_15312,XXX
sna_26747,XXX
sna_33256,XXX
sna_59410,XXX
sna_59449,XXX
sna_59418,XXX
sna_59496,XXX
sna_59465,XXX
sna_96129,XXX
sna_96144,XXX
sna_96127,XXX
sna_96171,XXX
sna_89987,XXX
sna_77883,XXX
sna_77897,XXX
sna_42149,XXX
sna_26662,XXX
sna_26699,XXX
sna_76749,XXX
sna_76720,XXX
sna_53307,XXX
sna_53390,XXX
sna_53377,XXX
sna_11800,XXX
sna_10915,XXX
sna_10906,XXX
sna_10954,XXX
sna_10910,XXX
sna_10981,XXX
sna_10900,XXX
sna_10990,XXX
sna_10992,XXX
sna_79491,XXX
sna_79416,XXX
sna_79455,XXX
sna_79441,XXX
sna_79473,XXX
sna_27512,XXX
sna_27536,XXX
sna_27567,XXX
sna_42363,XXX
sna_42387,XXX
sna_20648,XXX
sna_20614,XXX
sna_20611,XXX
sna_20634,XXX
sna_20674,XXX
sna_83735,XXX
sna_83727,XXX
sna_2318,XXX
sna_98354,XXX
sna_36705,XXX
sna_36754,XXX
sna_36793,XXX
sna_36732,XXX
sna_8139,XXX
sna_17030,XXX
sna_17087,XXX
sna_17023,XXX
sna_17045,XXX
sna_17014,XXX
sna_17020,XXX
sna_17033,XXX
sna_48477,XXX
sna_48460,XXX
sna_34367,XXX
sna_34370,XXX
sna_34395,XXX
sna_87692,XXX
sna_67708,XXX
sna_67778,XXX
sna_67711,XXX
sna_67774,XXX
sna_67723,XXX
sna_67702,XXX
sna_20159,XXX
sna_20168,XXX
sna_20189,XXX
sna_24021,XXX
sna_7153,XXX
sna_58607,XXX
sna_92332,XXX
sna_68901,XXX
sna_68936,XXX
sna_44901,XXX
sna_44912,XXX
sna_88086,XXX
sna_88056,XXX
sna_88062,XXX
sna_88011,XXX
sna_92026,XXX
sna_26881,XXX
sna_26877,XXX
sna_102511,XXX
sna_102590,XXX
sna_102568,XXX
sna_102570,XXX
sna_66552,XXX
sna_11413,XXX
sna_11402,XXX
sna_85029,XXX
sna_85027,XXX
sna_85000,XXX
sna_85036,XXX
sna_4972,XXX
sna_90584,XXX
sna_79840,XXX
sna_79863,XXX
sna_79804,XXX
sna_26988,XXX
sna_26987,XXX
sna_372,XXX
sna_316,XXX
sna_349,XXX
sna_73116,XXX
sna_73199,XXX
sna_61650,XXX
sna_67411,XXX
sna_67470,XXX
sna_39729,XXX
sna_39789,XXX
sna_2603,XXX
sna_92181,XXX
sna_92139,XXX
sna_64864,XXX
sna_64896,XXX
sna_100371,XXX
sna_32525,XXX
sna_32563,XXX
sna_32516,XXX
sna_61510,XXX
sna_61585,XXX
sna_61515,XXX
sna_85164,XXX
sna_70737,XXX
sna_45954,XXX
sna_8923,XXX
sna_8925,XXX
sna_31444,XXX
sna_31442,XXX
sna_28231,XXX
sna_101447,XXX
sna_46611,XXX
sna_46615,XXX
sna_46653,XXX
sna_13754,XXX
sna_18510,XXX
sna_18514,XXX
sna_32230,XXX
sna_32281,XXX
sna_32221,XXX
sna_80400,XXX
sna_80470,XXX
sna_43603,XXX
sna_36373,XXX
sna_53609,XXX
sna_53605,XXX
sna_53604,XXX
sna_4304,XXX
sna_4376,XXX
sna_60829,XXX
sna_32340,XXX
sna_67970,XXX
sna_67946,XXX
sna_33428,XXX
sna_4244,XXX
sna_4215,XXX
sna_90732,XXX
sna_91424,XXX
sna_91484,XXX
sna_55708,XXX
sna_55736,XXX
sna_54222,XXX
sna_54248,XXX
sna_4619,XXX
sna_82720,XXX
sna_20579,XXX
sna_20562,XXX
sna_20528,XXX
sna_20565,XXX
sna_75730,XXX
sna_13930,XXX
sna_24663,XXX
sna_24638,XXX
sna_24605,XXX
sna_30900,XXX
sna_30976,XXX
sna_30914,XXX
sna_30995,XXX
sna_30994,XXX
sna_30294,XXX
sna_39560,XXX
sna_39530,XXX
sna_86400,XXX
sna_86434,XXX
sna_56720,XXX
sna_56741,XXX
sna_56738,XXX
sna_80916,XXX
sna_80995,XXX
sna_80992,XXX
sna_80945,XXX
sna_10397,XXX
sna_47276,XXX
sna_47201,XXX
sna_47263,XXX
sna_26500,XXX
sna_26564,XXX
sna_26538,XXX
sna_81564,XXX
sna_81579,XXX
sna_90311,XXX
sna_90376,XXX
sna_98744,XXX
sna_87040,XXX
sna_87054,XXX
sna_3763,XXX
sna_3788,XXX
sna_3784,XXX
sna_41301,XXX
sna_41365,XXX
sna_41308,XXX
sna_41375,XXX
sna_58161,XXX
sna_58166,XXX
sna_44239,XXX
sna_43047,XXX
sna_25032,XXX
sna_44506,XXX
sna_44560,XXX
sna_54978,XXX
sna_54974,XXX
sna_54947,XXX
sna_54903,XXX
sna_90991,XXX
sna_48714,XXX
sna_97579,XXX
sna_97520,XXX
sna_95209,XXX
sna_95265,XXX
sna_52412,XXX
sna_651,XXX
sna_49600,XXX
sna_87320,XXX
sna_20406,XXX
sna_20428,XXX
sna_29785,XXX
sna_26170,XXX
sna_26186,XXX
sna_26143,XXX
sna_26189,XXX
sna_26142,XXX
sna_1499,XXX
sna_1441,XXX
sna_1469,XXX
sna_73426,XXX
sna_73407,XXX
sna_11287,XXX
sna_11209,XXX
sna_61700,XXX
sna_61762,XXX
sna_61741,XXX
sna_61756,XXX
sna_14333,XXX
sna_81937,XXX
sna_11684,XXX
sna_11661,XXX
sna_11653,XXX
sna_89674,XXX
sna_89621,XXX
sna_717,XXX
sna_38228,XXX
sna_38245,XXX
sna_38260,XXX
sna_38299,XXX
sna_74256,XXX
sna_8572,XXX
sna_8743,XXX
sna_8776,XXX
sna_5300,XXX
sna_16318,XXX
sna_16329,XXX
sna_16335,XXX
sna_92778,XXX
sna_92716,XXX
sna_92797,XXX
sna_85744,XXX
sna_85720,XXX
sna_85709,XXX
sna_4808,XXX
sna_100885,XXX
sna_100811,XXX
sna_100859,XXX
sna_86122,XXX
sna_86146,XXX
sna_65885,XXX
sna_65875,XXX
sna_99081,XXX
sna_99061,XXX
sna_99057,XXX
sna_51010,XXX
sna_51046,XXX
sna_51054,XXX
sna_51029,XXX
sna_17899,XXX
sna_79371,XXX
sna_79394,XXX
sna_6179,XXX
sna_6183,XXX
sna_6181,XXX
sna_6670,XXX
sna_6646,XXX
sna_23436,XXX
sna_99262,XXX
sna_99298,XXX
sna_99224,XXX
sna_99239,XXX
sna_23967,XXX
sna_89754,XXX
sna_60065,XXX
sna_60043,XXX
sna_99569,XXX
sna_99561,XXX
sna_99580,XXX
sna_63050,XXX
sna_91722,XXX
sna_91764,XXX
sna_6746,XXX
sna_39603,XXX
sna_39695,XXX
sna_39653,XXX
sna_39672,XXX
sna_84165,XXX
sna_46402,XXX
sna_46410,XXX
sna_46462,XXX
sna_48930,XXX
sna_48923,XXX
sna_48934,XXX
sna_48904,XXX
sna_53932,XXX
sna_38760,XXX
sna_38708,XXX
sna_38793,XXX
sna_80599,XXX
sna_14180,XXX
sna_26279,XXX
sna_26259,XXX
sna_35275,XXX
sna_35241,XXX
sna_5258,XXX
sna_5272,XXX
sna_5206,XXX
sna_36085,XXX
sna_36006,XXX
sna_16145,XXX
sna_36881,XXX
sna_102377,XXX
sna_64131,XXX
sna_64130,XXX
sna_40946,XXX
sna_40920,XXX
sna_40979,XXX
sna_38862,XXX
sna_38855,XXX
sna_88112,XXX
sna_101008,XXX
sna_101031,XXX
sna_101080,XXX
sna_94651,XXX
sna_94680,XXX
sna_82663,XXX
sna_82650,XXX
sna_27994,XXX
sna_45417,XXX
sna_45486,XXX
sna_100643,XXX
sna_100626,XXX
sna_68376,XXX
sna_64468,XXX
